Authorized E-Waste Recyclers / Refurbishers / Dismantlers in Maharashtra,,,,,,,,,
Sr. No.,Name and Address of Industry,Regional Office,Type,"Capacity Allotted as per
 Consent / Authorisation (MT/A)",Consent / Authorization No. & Issue Date,"Validity of
 Consent / Authorization",E-mail Address,Contact Number,Current Status
1,"Arihant E Recycling Pvt Ltd, Gut No.307/1, Shahada Road, Dondaicha, Tal. Sindkheda, Dist. Dhule.",Nashik,Recycler,2000,"Consent No. Format 1.0/RO-HQ/UAN No. 0000115030/CR-2108000036 Date
 03/08/2021
 Auth No. MPCB/RO(HQ)/HSMD/Autho/ 18/EW- 13 Date: 01/11/2018","30/09/2026
 30/09/2023",info@arihantinfo.com,9820350406,
2,"WE-The Recycling Company, H. No. 2212, Sr. No. 9-1 N, Behind Essar Petrol Pump, Village Borpada, Tal. Bhiwandi, Dist. Thane",Thane,Refurbisher,50,"Consent No. Format1.0/RO/UAN No.MPCBCONSENT_ AMMENDMENT- 0000014109/CE/2408000040
 Dated 16/08/2024",31-08-2027,payalc25@gmail.com,7718824575,
,,,Recycler,750,"Auth No. MPCB/RO(HQ)/HSMD/Autho/19/EW-09
 Date: 07/09/2022",31-08-2027,,,
3,"Techeco E-Waste Namo LLP, Gat No. 155 B/2, Village Dhakambe, Tal. Dindori, Dist. Nashik",Nashik,Recycler,9360,"MPCB/RO(HQ)/HSMD/Autho/19/EW-12
 Date: 11/11/2019",31-10-2024,bhushan@techeco.co.in,9769117070,
4,"Threco Recycling LLP, Survey No.
 153-3 & 149-1, Hedavli, Dist- Raigad.",Raigad,Recycler,3000,MPCB/RO(HQ)/HSMD/autho/20/EW-18 Date: 23/02/2021,31-01-2026,karan@threco.com,9820622802,
5,"Hi-Tech Recycling (I) Pvt. Ltd, Property No.193, Gat No. 89, Pune- Satara Road, Shindewadi, Tal: Bhor,
 Dist. Pune",Pune,Recycler,1410,"MPCB/RO(HQ)/HSMD/Autho/20/EW-74
 Date: 28/12/2020",30-11-2025,manish@hitechrecycling.i n,9860602601,
6,"Justdispose Recycling Pvt Ltd. (Unit- II), S. No. 42/5, Kaddu Industrial Estate, Sativali Phata, Vasai (E), Tal- Vasai, Dist-Palghar.",Thane,Recycler,1200,"MPCB/RO(HQ)/HSMD/Autho/21/EW-03
 Date: 12/05/2021",30-04-2026,hemant@justdispose.com,9833030124,
7,"E-Incarnation Recycling Pvt. Ltd. Plot No. J-56, MIDC Area, Tarapur, Boiser, Dist: Palghar, Maharashtra",Thane,Recycler,950,MPCB/RO(HQ)/HSMD/autho/21/EW-23 Date: 01/11/2021,30-09-2026,info@e-incarnation.com,2266251300,
8,"Eco Recycling Limited,
 Bldg No. 1, Plot No. 5, S. No. 30B, Village Gokhiware,
 Vasai (E), Tal. Vasai, Dist. Palghar - 401208",Thane,Recycler,18000,"Consent No. - Format1.0/RO-HQ/UAN No.MPCB CONSENT-0000189812/CO/ 2401002115
 Date: 18/01/2024
 Auth No. MPCB/RO(HQ)/HSMD/Autho/ 21/EW-27 Date: 15/04/2019","31/12/2028
 31/12/2023",facility2@ecoreco.com,9920084847,
9,"Evergreen Recyclekaro India Pvt.
 Ltd., Gut. No. 113/A, Village Pali, Tal. Wada, Dist. Palghar",Thane,Recycler,7500,MPCB/RO(HQ)/HSMD/autho/22/EW-03 Date: 10/06/2022,31-05-2027,rajesh@recyclekaro.com,9967310007,
10,"Eco Reset Private Limited, Plot No.
 19/1, Mouza Bhowari, Kamptee, Nagpur",Nagpur,Recycler,10200,MPCB/RO(HQ)/HSMD/autho/22/EW-30 Date: 17/11/2022,28-02-2027,ecoreset41@gmail.com,7021819071,
11,"S V Greentech Private Limited, Gut No. 517/1, & 529, Village: Kelthan Tal. Wada, Dist. Palghar",Thane,Recycler,8500,"Consent No. Format1.0/RO-HQ/UAN No.0000141483/CO/2305001023
 Date: 15/05/2023
 Auth No. MPCB/RO(HQ)/HSMD/Autho/23/ EW-60 Date: 29/03/2023",29-02-2028,rihanmalik986@gmail.com,9371106436,
12,"Global E-Recycling Pvt Ltd., Plot No 2,3,4 Sr No 11 H No 1/1,
 Wakanpada Dhaniv, Palghar",Thane,Recycler,400,"MPCB/RO(HQ)/HSMD/Autho/23/EW-44
 Date: 24/03/2023",29-02-2028,rahimkhan9833542199@g mail.com,7208644016,
13,"Green IT Recycling Center Pvt Ltd, Plot No. D-222, MIDC Ranjangaon, Dist.- Pune - 412209",Pune,Recycler,365,"Consent No. Format1.0/RO-HQ/UAN No.0000188948/CR/2401001388
 Date 10/01/2024
 Auth No. MPCB/RO(HQ)/HSMD/autho/ 21/EW-15 Date: 01/09/2021","31/12/2028
 31/01/2024",rth_raj@hotmail.com,9822356062,
14,"Green India E-Waste & Recycling OPC Pvt. Ltd., Survey No. 74, Hissa No. 1/A, House No. 500, Post Dahisar, Dist. Thane.",Thane,Recycler,3000,"Consent No. Format1.0/RO-HQ/UAN No.0000162613/CO/2305001469 Date: 19/05/2023
 Auth No. MPCB/RO(HQ)/HSMD/autho/21/ EW-20 Date: 27/10/2021","30/04/2028
 30/09/2026",info@gier.co.in,8080414447,
15,"Suritex Pvt. Ltd., Plot No. B-111, MIDC Industrial Area, Butibori, District - Nagpur.",Nagpur,Recycler,2360,"Consent No. Format1.0/RO-HQ/UAN No.MPCBCONSENT-0000174495/CO/ 2311000608
 Date 07-11-2023
 Auth No. MPCB/RO(HQ)/HSMD/autho/ 21/EW-28 Date: 28/12/2021","28/02/2027
 28/02/2026",info@suritex.co.in,9049981347,
16,"Green Valley E Waste Management Pvt Ltd, Gut No. 525/10, Village- Ghonsai, Saza-Met, Tal. Wada, Ghonsai, Palghar - 421312",Thane,Recycler,596,"Consent No. Format1.0/RO-HQ/UAN No.0000161733/CO/2306000398 Date: 06/06/2023
 Auth No. MPCB/RO(HQ)/HSMD/autho/21/ EW-37 Date: 03/03/2022","31/05/2028
 31/01/2025",alam@gvewaste.com,9821021395,
17,"Sayma E-Waste Solutions, S. No. 323, Hissa no. 3, A Plot No. B-27, Urali Devashi, Tal. Haveli, Pune",Pune,Recycler,1000,"Consent No. Format1.0/RO-HQ/UAN No.MPCBCONSENT- 0000176273/CR/2310000168
 Date: 03/10/2023
 Auth No. MPCB/RO(HQ)/HSMD/Autho/ 22/EW-29 Date: 16/11/2022","30-09-2028
 30-09-2027",saymaewastesolutions@g mail.co m,9922763959,
18,"Green Valley E-waste Management Pvt. Ltd., Gut No. 525/10, Village Ghosai, Saza-Met, Tal. Wada, Dist.
 Palghar",Kalyan,Recycler,596,"Consent No. Format1.0/RO-HQ/UAN No. 0000161733/ CO/2306000398 Date:
 06/06/2023",31-05-2028,alam@gvewaste.com,9821021395,
19,"Western Recycler, Sr. No. 8/2, Plot No. 633, Shilphata, Panvel Road, Dahisar, Tal. & Dist. Thane",Thane,Recycler,400,"Consent No. Format1.0/RO-HQ/UAN No. 0000167386/CO/2305001943 Date:
 25/05/2023",30-04-2028,hasimansari229@gmail.co m,9967865052,
20,"Tarai Projects Pvt. Ltd., Gut No. 14/1/A, Atar Mala, Near Shivsagar Hotel, Manchar, Tal. Machar, Dist. Pune",Pune,Recycler,560,"Consent No. Format1.0/RO-HQ/UAN No. 0000158706/CO/2305001881 Date:
 24/05/2023",30-04-2025,taraiprojects2018@gmail. com,7020687230,
21,"Jeenali Trading & Comm. Serv. Pvt. Ltd., Gut No. 68/1, Village Khupri, Tal. Wada, Dist. Palghar",Kalyan,Recycler,7847,"Consent No. Format1.0/RO-HQ/UAN No. 0000167247/CO/2305001876 Date:
 24/05/2023",30-04-2026,millennium005@gmail.co m,9967970333,
22,"Unique Recycling, Gut No. 287, At
 Post Nanekarwadi, Tal. Khed, Dist. Pune",Pune,Recycler,180,"Consent No. Format1.0/RO-HQ/UAN No. 0000157214/CO/2304001735 Date:
 25/04/2023",31-03-2025,mumatajhmd@gmail.com,9689400817,
23,"New India Recyclers
 Plot No. 5 & 6, Gut No. 849/2728, Village Ambethan,
 Tal. Khed, Dist. Pune",Pune,Recycler,150,Consent No. Format1.0/RO-HQ/UAN No.MPCB CONSENT-0000168477/CO/ 2307000161 Date: 05/07/2023,30-06-2026,info.newindiarecycle@gm ail.com,8928934040,
24,"Electrofine Recycling (OPC) Private Limited,
 Gut No. 386, Village Shindi Khurd, Tal. Maan, Dist. Satara",Pune,Recycler,5000,"Consent No. Format1.0/RO-HQ/UAN No.MPCB CONSENT- 0000173527/CO/2307001074
 Date: 18/07/2023",30-06-2026,electrofinerecycling@gmai l.com,7397056189,
25,"Binbay Recycling Pvt. Ltd., Sr. No. 48, Unit No. 6 & 7, Agarwal Industrial Premises.
 Village Gauripada, Vasai (E), Dist.
 Palghar",Thane,Recycler,3770,"Consent No. Format1.0/RO-HQ/UAN No.0000143172/CO/2308000233
 Date03/08/2023",30-06-2028,binbayrecycling@gmail.co m,9819633997,
26,"Greenbay Enterprises,
 Shed No. 1, Ground Floor, Ganesh Nagar, Phursungi,
 Katraj Saswad Road, Pune
 Tal. Haveli, Dist. Pune",Pune,Recycler,183,"Consent No. Format1.0/RO-HQ/UAN No.MPCBCONSENT- 0000173201/CO/2310000169
 Date: 03/10/2023",30-09-2028,egreenbay17@gmail.com,9623300378,
27,"Green Life E Waste Recycling Pvt Ltd , Plot No. 11, Gat No. 40, Karodi, Aurangabad,
 Tal. & Dist. Aurangabad",Aurangabad,Recycler,660,"Consent No. Format1.0/RO-HQ/UAN No.MPCBCONSENT- 0000180108/CO/2310000816
 11/10/2023",30-09-2028,greenlifeewaste@gmail.co m,8097800830,
28,"Bhangarwala Waste Management Pvt Ltd.,
 New S. No. 80/2, Dahisar Mori, Tal. & Dist. Thane",Thane,Recycler,6485,"Consent No. Format1.0/RO-HQ/UAN No.MPCBCONSENT- 0000186365/CO/2311000997
 Date: 10/11/2023",31-10-2028,bwmgroup23@gmail.com,8655113333,
29,"Comnet E-Waste LLP,
 Gut No. 410, At Post Kaudgaon, Tal. & Dist. Ahmednagar",Nashik,Recycler,1000,"Consent No. Format1.0/RO-HQ/UAN No.MPCBCONSENT-0000182161/CO/ 2312001926
 Date 19/12/2023",30-11-2027,pravinhajare@gmail.com,9665520010,
30,"Ecolayer E-Waste Recycling,
 S. No. 180/1, Gala No. 2, Opp. Mathura Hotel,
 Village Poman, Tal. Vasai, Dist. Palghar",Thane,Recycler,2000,"Consent No. Format1.0/RO-HQ/UAN No.MPCBCONSENT- 0000186189/CO/2401001387
 Date 10/01/2024",31-12-2028,starcomputar22@gmail.co m,9820750836,
31,"Bhagyalakshmi Laboratories Limited, Plot No 33,34,35 &36, Shri Shakti Udyog Nagar, Opp St. John College, Veour Village, Palghar, Tal.
 & Dist. Palghar",Thane,Recycler,21000,"Consent No. Format1.0/RO-HQ/UAN No.MPCBCONSENT- 0000185256/CO/2401001746
 Date 15/01/2024",31-12-2028,bhagyalakshmi_laboratries @yahoo.com,9820700517,
32,"Eco-Recycling Ltd., Eco-House, Near Top Glass Enclave, Bhoipada, Near Range Office, Sativali Road, Vasai (E), Dist. Palghar",Thane,Recycler,7200,Auth No. MPCB/RO(HQ)/HSMD/Autho/ 21/EW-27 Date 15/04/2019,31-12-2023,inspection@ecoreco.com,9867729662,
33,"GNR Recycling India Pvt Ltd,
 S. No. 35/4, Dagade Wasti, Pisoli, Pune, Tal. Haveli, Dist. Pune",Pune,Recycler,300,"Consent No. Format1.0/RO-HQ/UAN No.MPCB CONSENT- 0000179978/CO/2401002664
 Date 25/01/2024",31-12-2028,lokesh.k@gnrindia.com,9822334823,
34,"E-Survival Recycling Private Limited, Gut No. 195/1/B/1, Village Chincholikati, Tal. Mohol, Dist.
 Solapur",Pune,Recycler,33000,"Consent No. Format1.0/RO/UAN No.MPCB CONSENT- 0000180242/CO/2401002661
 Date 25/01/2024",31-12-2028,esurvival2022@gmail.com,9820802032,
35,"Green Enviro Management
 Solutions LLP, S. No. 51, Village Kanhe, Tal. Mawal, Dist. Pune",Pune,Recycler,594,"Consent No. Format1.0/RO-HQ/UAN No.0000191087/CR/2402001637
 Date 21/02/2024",31-01-2029,mail.gps@gmail.com,9766110860,
36,"Trans Thane Creek Waste
 Management Association
 P-128, Shil-Mahape Road, Near L&T Infotech, Mahape, Navi Mumbai. Thane",Navi Mumbai,Recycler,300,"Consent No. Format1.0/CC/UAN No. 0000179120/CR/2401001651 Date
 14/01/2024",30-09-2028,ttcwmam@gmail.com,9082565312,
37,"Mercury Metal Industries (Unit III), Plot No. D-35, Mahad Industrial Area, Mahad, Tal. Mahad, Dist.
 Raigad",Raigad,Recycler,200,"Consent No. Format1.0/RO(BMW)/UAN No.MPCBCONSENT-0000163584/CO/ 2307001142
 Date: 18/07/2023",31-05-2028,mmimahadd35@gmail.com,9892802451,
38,"Aman E-Waste Recyclers Pvt Ltd.,
 S. No. 20/5, Plot No. 79 to 89, Aamgaon,
 Tal. Talasari, Dist. Palghar",Thane,Recycler,10500,"Consent No. Format1.0/RO(BMW)/UAN No.MPCBCONSENT-0000167542/CO/ 2306001964
 Date: 26/06/2023",31-05-2028,INFO@AMANRECYCLERS.CO M,9833721472,
39,"ECO Friend Industries, Plot No. A- 205, TTC Industrial Area, MIDC Pawane, Navi Mumbai, Tal. & Dist.
 Thane",Navi Mumbai,Recycler,1240,"MPCB/RO(HQ)/HSMD/Autho/22/EW-05
 Date: 20/06/2022",31-05-2027,"ingle.mamata@raoagroup
 .com",9821151069,
40,"Pune Green Electronic Waste Recycler Pvt. Ltd., S. No. 29/9, Pansare Nagar, Yewlewadi, Pune, Tal. Haveli, Dist. Pune",Pune,Recycler,500,"Consent No. Format1.0/RO-HQ/UAN No.MPCB CONSENT- 0000173158/CO/2308001425
 Date:22/08/2023",31-07-2028,"punegreensewaste@gmail
 .com",9922071877,
41,"E-Frontline Recycling Pvt. Ltd. Gat No. 183/1, Lokhandwala
 Warehouse, Near Bavi Petrol Pump, Hyderabad Road, At Post Doddi, Tal. South Solapur, Dist. Solapur",Pune,Recycler,40000,"Consent: Format1.0/RO-HQ/UAN No.MPCB CONSENT-0000192290/CO
 /2403001410
 Date: 14/03/2024",28-02-2029,efrplserver@gmail.com,8980300024,
42,"JRS Recycling Solutions Pvt. Ltd. Gala No. 428, S. No. 74, Hissa No. 2A, Garib Nawaz Estate, Old Mumbai Pune Road, Dahisar, Dist. Thane",Thane,Recycler,1044,"Consent: Format1.0/RO-HQ/UAN No.0000137612/CO/2206000317
 Date: 07/06/2022",31-05-2027,shahid.jrsrecycling@gmail.co m,9004126767,
,,,,,"Authorization: MPCB/RO(HQ)/HSMD/Autho/22/EW-47
 Date: 07/06/2022",31-05-2027,,,
43,"Kuldeep Green Recyclers Private Limited, Survey No. 569-B, Unit- 1/A, At Post Velu, Tal. Bhor, Dist. Pune",Pune,Refurbisher,1200,"Consent No. Format1.0/RO/UAN No.MPCBCONSENT_AMMENDMENT- 0000013843/CO/2408000042
 Dated 16/08/2024",31-05-2029,ewastekuldeep@gmail.com,7733995555,
,,,Recycler,16350,,,,,
44,"Vozon Comsof Pvt Ltd, Sr No 19/9 Indira College Road, Buchade Vasti Road, Tal. Mulshi Dist Pune, Marunji, Pune",Pune,Refurbisher,5000,"Consent No. Format1.0/RO-HQ/UAN No.0000209210/CO/2407002897
 Dated 30/07/2024 valid up to 30/06/2029.",30-06-2029,rajendrakale.vozon@gmail.c om,8600726007,
,,,Recycler,20000,Auth No. MPCB/RO(HQ)/HSMD/Autho/ 23/EW-55 Date: 29/03/2023,31-03-2028,,,
45,"J K Corporation,
 Survey No. 242/274, Hissa No. 1 & 2, Vaganpada, Near Nana Steel, Pelhar, Nalasopara (E),
 Tal. Vasai, Dist. Palghar",Thane,Refurbisher,200,"Consent: Format1.0/RO-HQ/UAN No.MPCB CONSENT-0000193769/CO/ 2403001034
 Date: 12/03/2024",28-02-2029,j.kcorporation0786@gmail.c om,9769739420,
46,"Ambar Enterprises,
 S. No. 93, H. No. 1/1/2, Autade Nagar,Handewadi, Pune, Tal. Haveli, Dist. Pune",Pune,Refurbisher,1000,"Consent No. Format1.0/RO-HQ/UAN No.0000182965/CR/2312000114
 Date 01/12/2023
 Auth No. MPCB/RO(HQ)/HSMD/Autho/ 18/EW- 17/1812000002
 Date: 04/12/2018","31/10/2028
 31/10/2023",ambarent028@gmail.com,9890812746,
47,"Kohinoor E-Waste Recycling Pvt. Ltd. Gut No. 205/1 and 205/2, Opp. Gurudatta Washing Centre, Dhekhu, Khalapur, Dist. Raigad",Raigad,Refurbisher,8000,"Consent No. Format1.0/RO-HQ/UAN No.0000167361/CR/2307000821
 Date: 13/07/2023",31-03-2029,kohinoorewasterecycling @gmail.com,9821227048,
48,"Poona E-Waste Solutions,
 S. No. 322/2, Uruli Devachi, Tal. Haveli, Dist. Pune",Pune,Refurbisher,250,"Consent No. Format1.0/RO-HQ/UAN No.0000163881/CR/2307000699
 Date: 12/07/2023",31-05-2028,poonaewastesolutions@g mail.co m,8888999362,
49,"J Choudhary & Company, Sr. No. 67/3, Pipewal Lane Mohammadiya Estate, Pimpri Old Mumbai Pune Road, Pimpri, Thane 400612",Thane,Refurbisher,500,"Consent No. Format1.0/RO-HQ/UAN No.0000184935/CO/2401001487
 Date 11/01/2024
 Auth No. MPCB/RO(HQ)/HSMD/Autho/ 18/EW-19 Date: 22/02/2019","31/12/2028
 31/01/2024",jchoudharyandco@gmail.c om,9869063886,
50,"E-Refine Corporation, Gut No. 24, Plot No. 2, Dargah Road, Additional Daultabad, Tal. & Dist. Aurangabad",Aurangabad,Refurbisher,520,"Consent No. Format1.0/RO-HQ/UAN No.0000178630/CR/2401003071
 Date 31/01/2024 MPCB/RO(HQ)/HSMD/Autho/18/EW-25
 Date: 27/02/2019","31/12/2028
 31/01/2024",tapoffice15@gmail.com,9823998866,
51,"Wonder Print Technologies, Plot No. H-3/16, MIDC Ambad, Nashik, Tal. & Dist. Nashik",Nashik,Refurbisher,375,"Consent No. Format1.0/RO-HQ/UAN No.MPCB CONSENT- 0000163427/CO/2307000701
 Date: 12/07/2023",30-06-2025,sakaria@wonderprint.in,9373522555,
52,"Masstech Recycling LLP, Gala no 56, 58, 59 & 82, M.J.K. Compound, Kherani Road, Sakinaka, Mumbai - 400072 - 400072",Mumbai,Refurbisher,400,"Consent No. Format 1.0/ RO-HQ/UAN No. 0000117173/CO-2108000792
 Date12/08/2021
 MPCB/RO(HQ)/HSMD/autho/21/EW-13 Date: 11/08/2021",31-07-2026,bharatscrap07@gmail.co m,9821430755,
53,"Nasib Scrap Centre, Gat No. 57, At
 Moi Kuruli Chakan, Tal. Khed, Dist. Pune",Pune,Refurbisher,111,"Consent No. Format 1.0/RO-HQ/UAN No. 0000150317/CO/2306001001
 Date: 14/06/2023",31-05-2027,rohan91000091@gmail.co m,9890191506,
54,"Roshani Scrap Center,
 Gut No. 879, Nurani Masjid, Kudalwadi, Chikhali,
 Pune-411062, Tal. Haveli, Dist.
 Pune",Pune,Refurbisher,200,"Consent No. Format1.0/RO-HQ/UAN No.0000170544/CO/2306001002
 Date: 14/06/2023",31-05-2028,roshaniscrappune@gmail. com,9765615108,
55,"GNG Electronics Pvt. Ltd.,
 Plot No. Gen-2/1/B, D Block, TTC Industrial Area,
 MIDC Turbhe, Navi Mumbai, Tal. &
 Dist. Thane",Thane,Refurbisher,1200,"Consent No. Format1.0/RO-HQ/UAN No.0000168284/CO/2306001353
 Date: 19/06/2023",31-05-2026,"vipul.g@electronicsbazaar
 .com",7667568801,
56,"Diamond Machinery Tools, S. No. 11/30, Gala No. 1372,
 Gausiya Market, Village Pimpri, Tal.
 & Dist. Thane",Thane,Refurbisher,115,"Consent No. Format1.0/RO-HQ/UAN No.0000171479/CO/2306002118
 Date: 27/06/2023",31-05-2028,mujahidsk@hotmail.com,9869146970,
57,"New India Recyclers
 Plot No. 5 & 6, Gut No. 849/2728, Village Ambethan,
 Tal. Khed, Dist. Pune",Pune,Refurbisher,500,"Consent No. Format1.0/RO-HQ/UAN No.MPCB CONSENT- 0000173468/CO/2307000291
 Date: 06/07/2023",30-06-2026,aslam.quamer@hotmail.c om,9869146970,
58,"Jai Ambe Enterprises,
 S. No. 80/1, Ekta Kata, Thakurpada, Old M.P. Road, Navi Mumbai, Tal. & Dist. Thane",Navi Mumbai,Refurbisher,190,"Consent No. Format1.0/RO-HQ/UAN No.0000161063/CO/2307000613
 Date: 11/07/2023",30-06-2024,jaiambeenterprises48@g mail.com,7710999855,
59,"Moonlaxmi-E-Waste & Recycling Solutions LLP, Plot No 1125, Sr. No. 15/1/1, Arihant Marg, Near Sukhada Vardha Society, Sukhasagar Nagar, Katraj,
 Pune, Tal. Haveli, Dist. Pune",Pune,Refurbisher,400,"Consen No. Format1.0/RO-HQ/UAN No.MPCB CONSENT- 0000169643/CO/2307000620
 Date: 11/07/2023",30-06-2028,ratan@sezindia.co.in,9322251644,
60,"Big Bull Recyclers Private Limited, Gut No.269/8/2, Village Jawale Kadlag, Tal. Sangamner, Dist.
 Ahmednagar",Nashik,Refurbisher,5100,"Consent No. Format1.0/RO-HQ/UAN No.0000168155/CO/2311000129
 Date: 02/11/2023",30-06-2025,aartirahane414@gmail.co m,8208331808,
61,"Zakiya Amin Enterprises, Shop No. 8, Noor Apartment, Shreeji Building, Dange Wadi,
 Nalasopara, Tal. & Dist. Palghar",Thane,Refurbisher,60,"Consent No. Format1.0/RO-HQ/UAN No.MPCB CONSENT- 0000170498/CO/2307000818
 Date: 13/07/2023",30-06-2028,zakiyaaminent102@gmail. com,9822772102,
62,"Maharashtra Enterprises Plot No.D-49/2, MIDC Dhule Dist. Dhule",Nashik,Refurbisher,300,"Consent No. Format1.0/RO-HQ/UAN No.MPCB CONSENT- 0000167629/CO/2307000820
 Date: 13/07/2023",31-01-2028,mahaenter22@gmail.com,9892884231,
63,"Amin Industries,
 Plot No. C-7/B, MIDC Mirjole, Tal. & Dist. Ratnagiri",Kolhapur,Refurbisher,200,"Consent No. Format1.0/RO-HQ/UAN No.MPCB CONSENT-0000162229/CO/ 2307000817
 Date 13/07/2023",30-06-2025,halimshaha6822@gmail.c om,8149127777,
64,"Erecon Recycling Pvt. Ltd., Gut No. 94, Chitegaon,
 Tal. Paithan, Dist. Aurangabad",Aurangabad,Refurbisher,500,"Consent No. Format1.0/RO-HQ/UAN No.0000172250/CR/2308001303
 Date: 21/08/2023",31-07-2028,e.recon21@gmail.com,9860579870,
65,"Go Green E-Recycling,
 Sr. No. 70, Panvel Shil Road, Village Dahisar Pimpri, Tal. & Dist. Thane",Thane,Refurbisher,300,"Consent No. Format1.0/RO-HQ/UAN No.MPCBCONSENT- 0000175883/CO/2308001916
 Date: 28/08/2023",31-07-2028,erecyclinggogreen@gmail. com,9833195131,
66,"Sai Enterprises,
 Plot No. A-8, Gut No. 357/87, Waghjai Nagar, Kharabwadi, Chakan, Tal. Haveli, Dist. Pune",Pune,Refurbisher,240,"Consent No. Format1.0/RO-HQ/UAN No.0000172337/CO/2309000081
 Date: 01/09/2023",31-08-2028,dinesh_dpn@yahoo.co.in,9881771133,
67,"Somnath Industries Pvt Ltd..
 OS-56, J Block,,Opp Alpha Foam, Old Landge Kusti Kendra, MIDC Bhosari,
 Tal. Haveli, Dist. Pune",Pune,Refurbisher,4000,"Consent No. - Format1.0/RO-HQ/UAN No.MPCBCONSENT- 0000164000/CO/2309000341
 Date: 06/09/2023",31-08-2026,somnathindustriespune1 @gmail.com,7558426313,
68,"Bombay Scrap Traders,
 Gut No. 280, Opp. Indian Petrol Pump, NH-4, Village Sate, Tal. Mawal, Dist. Pune - 412106",Pune,Refurbisher,1000,"Consent No. Format1.0/RO-HQ/UAN No.MPCBCONSENT- 0000156750/CO/2309000980
 Date:13/09/2023",31-08-2028,bombaytraders78@gmail. com,9820294042,
69,"Afton E-Waste Recycling,
 S. No. 66, Hissa No. 2/2, Gala No. 1, Village Goteghar,
 Janta Market, Near Kashinath Weigh Bridge, Tal. & Dist. Thane",Thane,Refurbisher,200,"Consent No. Format1.0/RO/UAN No.MPCBCONSENT- 0000180935/CO/2310001054
 Date 13/10/2023",30-09-2028,aftonewasterecycling@gm ail.com,9819399357,
70,"ASK Steel,
 Gat No. 15, Kudalwadi, Chikhali, Tal. Haveli, Dist. Pune",Pune,Refurbisher,400,"Consent No. Format1.0/RO-HQ/UAN No.MPCBCONSENT- 0000176842/CO/2311000606
 Date: 07/11/2023",31-10-2025,asksteel1@gmail.com,8087814368,
71,"M. S. Malik,
 Plot No. 2/1, 3, 4/1/A, S. No. 5/1, 2, 3/4, Behind Decathlon, Vilholi, Tal. & Dist. Nashik",Nashik,Refurbisher,400,"Consent No. Format1.0/RO-HQ/UAN No.0000164788/CO/2311002428
 Date: 30/11/2023",31-10-2028,m.s.malik1973@gmail.co m,9049049113,
72,"Aman E-Waste Disposal,
 S. No. 11/12, Shantinagar, Bhosari, Tal. Haveli, Dist. Pune",Pune,Refurbisher,120,"Consent No. Format1.0/RO-HQ/UAN No.MPCBCONSENT-0000173357/CO/ 2312000683
 Date 07/12/2023",30-11-2026,amanewastedisposals@g mail.com,8149808801,
73,"Glacier Waste Management LLP, Plot No. B-49, MIDC Vita, Tal. Miraj. Dist. Sangli",Kolhapur,Refurbisher,450,"Consent No. Format1.0/RO-HQ/UAN No.0000178980/CO/2312000678
 Date 07/12/2023",30-11-2025,info.glacier21@gmail.com,9404648183,
74,"Trishulin Enterprises, Plot No. 42, S. No. 905/1,
 Musalgaon,
 Tal. Sinnar, Dist. Nashik",Nashik,Refurbisher,300,"Consent No. Format1.0/RO-HQ/UAN No.MPCBCONSENT- 0000182942/CO/2312000965
 Date 08/12/2023",30-11-2028,aniljoshi008@gmail.com,9760009893,
75,"Kesariya Metal Conrporation,
 Gat No. 147, Shed No. 1, Mhalunge, Chakan,
 Tal. Khed, Dist. Pune",Pune,Refurbisher,300,"Consent No. Format1.0/RO-HQ/UAN No.MPCBCONSENT- 0000179344/CO/2401001127
 Date 09/01/2024",31-12-2028,kmcpune017@gmail.com,9422459362,
76,"Raj Enterprises,
 Gut No. 90, At Post Dhakale, Tal. Baramati, Dist. Pune",Pune,Refurbisher,1113,"Consent No. Format1.0/RO-HQ/UAN No.MPCB CONSENT- 0000180279/CO/2401002902
 Date 30/01/2024",31-12-2028,vinodrathi1975@gmail.com,9762777007,
77,"Imagine Marketing Limited, Warehouse No. 12-B, Mumbai Nashik Highway, Near Padgha Toll Naka, Opp. Urban Tadka, Bhiwandi, Tal. Bhiwandi, Dist. Thane",Kalyan,Refurbisher,790,"Consen No. Format1.0/RO-HQ/UAN No.MPCB CONSENT- 0000190648/CO/2402000479
 Date 06/02/2024",31-01-2029,jignesh.rambhia@imaginem arketingindia.com,9821038358,
78,"Shuaib Traders,
 Gat No.669, Jadhavwadi, Chikhali, Pune, Tal. Haveli, Dist. Pune",Pune,Refurbisher,700,"Consent No. Format1.0/RO-HQ/UAN No.0000190608/CO/2402001048
 Date 13/02/2024",31-01-2029,afrojsilmane@gmail.com,9588637379,
79,"Deshwal Waste Management Pvt.
 Ltd., Gut No. 520, Shed-1, Behind Shell Petrol Pump, New Wagholi Road, Wagholi, Tal. Haveli, Dist.
 Pune",Pune,Refurbisher,1000,"Consent No. Format1.0/RO-HQ/UAN No.MPCB CONSENT- 0000179958/CO/2402002186
 Date 28/02/2024",31-01-2029,anillnarang@rediffmail.com,9910055057,
80,"Dev IT Serv Pvt Ltd,
 Gat No. 520, Shed No. 2, Behind Shell Petrol Pump, New Wagholi Road, Wagholi, Tal. Haveli, Dist. Pune",Pune,Refurbisher,150,"Consent No. Format1.0/RO-HQ/UAN No.MPCB CONSENT- 0000179956/CO/2402002183
 Date 28/02/2024",31-01-2029,sudip.pal@ditserv.com,9910033243,
81,"Shree Recyclers,S. No. 208-2, At Post Boribadak, Chandanwadi, Tal. Daund, Dist. Pune",Pune,Refurbisher,180,"Consent No. BO/MPCB/RO(HQ)/PN/CR/B- 1907001011 Date 25/07/2019
 Auth No. MPCB/RO(HQ)/HSMD/Autho/ 17/EW-397/1710000001 Date 06/10/2017","31-07-2024
 10/07/2022",shreerecycler@gmail.com,9822334823,
82,"Lexim International Pvt. Ltd.
 Plot No. D-192, MIDC Ranjangaon, Tal. Shirur, Dist. Pune",Pune,Refurbisher,200,Consent No. Format1.0/RO(BMW)/UAN No.MPCBCONSENT-0000176132/CO/ 2310001182 Date 17/10/2023,30-09-2028,aditya.s.lolage@gmail.com,9393366060,
83,"Naaz Trading Company
 Gat No. 66, Dehu Alandi Road, Near Masjid, Chikhali, Tal. Haveli, Dist.
 Pune",Pune,Refurbisher,180,"Consent No. Format1.0/RO(BMW)/UAN No.MPCBCONSENT- 0000172335/CO/2310000281 Date
 05/10/2023",30-09-2024,shakilalvi360@gmail.com,8527289786,
84,"Rajmudra Trading,
 Gat No. 262, Near Waluj Nursery, Village Waluj,
 Tal. Gangapur, Dist. Chatrapati
 Sambhajinagar",Aurangabad,Refurbisher,250,"Consent No. Format1.0/RO(BMW)/UAN No.MPCBCONSENT- 0000187933/CO/2402000544 Date:
 07/02/2024",31-01-2029,"rajmudratrading2121@gmail
 .com",9923671717 NA,
85,"V K Metal Corporation Gut No. 433 Part, Usar Tal:- Wada, Dist:- Palghar.",Thane,Refurbisher,600,"Consent No. Format1.0/RO(BMW)/UAN No.MPCBCONSENT- 0000148281/CO/2311002201 Date
 28/11/2023",31-10-2028,vkmcpsi2019@gmail.com,9320028491,
86,"Clean E-waste Recycling, Survey No. 109/2, Richard Compound, Pelhar,Vasai (East), Tal. Vasai, Dist.
 Palghar",Thane,Refurbisher,100,"Consent: Format1.0/RO-HQ/UAN
 No.MPCB CONSENT- 0000196149/CO/2403001482",28-02-2029,Info@cleanrecycling.in,9833562539,
87,"Lilashana Sales, Ramdas Company, Nandra Road, Khamgaon, Dist.
 Buldhana",Amravati,Dismantler,360,"Consent No. Format1.0/RO-HQ/UAN No.0000142703/CO/2305001964
 Date: 25/05/2023
 Auth No. MPCB/RO(HQ)/HSMD/Autho/23/ EW-61 Date: 29/03/2023","30-06-2026
 29-02-2028",inglesales007@gmail.com,9850349580,
88,"National Traders, S. No. 103/1/2, Undri-Saswad Road, Autade, Handewadi, Tal. Haveli, Dist. Pune",Pune,Dismantler,250,"Consent: Format1.0/RO-HQ/UAN No.0000182407/CR/2403001487 dated 15/03/2024
 Auth: MPCB/RO(HQ)/HSMD/Autho/19/EW- 05 Date: 24/05/2019","28/02/2029
 30/04/2024",national.autade@gmail.com,9850757587,
89,"S. S. E-Waste Recyclers, Gut No.
 442, Village Usar, Kondla Road, Tal. Wada, Dist. Palghar 421312",Thane,Dismantler,1500,MPCB/RO(HQ)/HSMD/Autho/18/EW- 004/1807000001 Date: 30/06/2018,31-05-2023,ssewasterecyclers@gmail. com,9022181911,
90,"AG Enterprises, Gat No. 815 (1), Kudalwadi, Chikhali, Pune 411062",Pune,Dismantler,365,"Consent No. Format1.0/RO-HQ/UAN No.0000121527/CR/2201000912
 Date 20/01/2022
 MPCB/RO(HQ)/HSMD/Autho/18/EW- 006/1807000004 Date: 30/06/2018","31/05/2025
 31/05/2023",agpune57@gmail.com,9822783051,
91,"Aman Trading Co. F/1, Annasagr Market, Behind Farooqi Hotel, Kurla Andheri Road, Jarimari, Kurla
 (W), Mumbai 400072",Mumbai,Dismantler,100,MPCB/RO(HQ)/HSMD/Autho/18/EW- 008/1807000002 Date: 30/06/2018,31-05-2023,aqtanveer11@gmail.com,9833721472,
92,"Amiable Electroning Pvt. Ltd., Plot No. D-141, Shirawane, TTC Industrial Area, MIDC Shiewane,
 Nerul, Navi Mumbai",Navi Mumbai,Dismantler,750,MPCB/RO(HQ)/HSMD/Autho/18/EW- 11/1810000002 Date: 29/10/2018,31-07-2023,"vipul.g@electronicsbazaar
 .com",7667568801,
93,"E-Recon Recycling Pvt. Ltd., Gut No. 94, Chitegaon, Tal. Paithan, Dist.
 Aurangabad",Aurangabad,Dismantler,500,"MPCB/RO(HQ)/HSMD/Autho/18/EW-12
 Date: 29/10/2018",30-09-2023,e.recon21@gmail.com,9860579870,
94,"Eco Layer E-Waste Recycling, S. No. 11, H. No. 1/1, PT-8, S. K. Indl.
 Estate, Choudhary Compound,
 Vasai E, Palghar",Thane,Dismantler,110,"MPCB/RO(HQ)/HSMD/Autho/18/EW-14
 Date: 14/11/2018",31-10-2023,nafeeshkhan35@gmail.co m,9820750836,
95,"Prabhunath Traders, Sr. No. 314, H.
 No. 2, Uruli Devachi, Tal. Haveli, Dist. Pune",Pune,Dismantler,1680,"MPCB/RO(HQ)/HSMD/Autho/18/EW-18
 Date: 22/02/2019",31-01-2024,scrapcomputer11@gmail. com,9326262223,
96,"Kalawishwa Electrical, B-47 (Sub letting), MIDC Waluj, Dist.
 Aurangabad 431136",Aurangabad,Dismantler,300,"MPCB/RO(HQ)/HSMD/Autho/18/EW-20
 Date: 25/02/2019",31-01-2024,sandeepgore11@yahoo.co m,9225321499,
97,"Royal Scrap Traders, Gut No. 23,
 Plot No. 8, Mayurnagar, Naregaon, Dist. Aurangabad",Aurangabad,Dismantler,230,"MPCB/RO(HQ)/HSMD/Autho/18/EW-24
 Date: 27/02/2019",31-01-2024,omdhoot@gmail.com,7028021132,
98,"Maharashtra Enterprises, Plot No. 17, Rangara Industrial estate, Kiravali (Adivali), Old Thane Pune Road, Tal. Panvel, Dist. Raigad",Raigad,Dismantler,500,"MPCB/RO(HQ)/HSMD/Autho/18/EW-26
 Date: 19/03/2019",31-03-2024,mahaenter22@gmail.com,9892884231,
99,"Sigma Enterprises, Plot No. 5 & Gut No. 54/0, Adiwali, Tal. Panvel, Raigad",Raigad,Dismantler,350,"Consent No. Format1.0/RO-HQ/UAN No.0000165856/CR/2310001051
 Date: 13/10/2023
 Auth No. MPCB/RO(HQ)/HSMD/Autho/ 18/EW-422 Date: 10/04/2018","31/03/2028
 31/03/2023",abdulwahidkhan1038@g mail.co m,9821751038,
100,"Saani Enterprises, Gut No. 64, Plot No. 65, Mahal Pimpri, Dist.
 Aurangabad",Aurangabad,Dismantler,1200,"MPCB/RO(HQ)/HSMD/Autho/19/EW-01
 Date: 29/07/2019",30-04-2024,shaikhjawed555@gmail.co m,9373301060,
101,"Baban Plastic, Gut No. 1, At.
 Sajapur, Tal. & Dist. Aurangabad 401136",Aurangabad,Dismantler,500,"MPCB/RO(HQ)/HSMD/Autho/19/EW-02
 Date: 30/04/2019",30-04-2024,acc.babanplastic@gmail.c om,9923299786,
102,"Sultan Disposal Stores, S. No. 28/2A/B, Undri, Opp. R Point, Pune Saswad Road, Tal. Haveli, Dist. Pune
 411028",Pune,Dismantler,600,"MPCB/RO(HQ)/HSMD/Autho/19/EW-03
 Date: 24/05/2019",30-04-2024,sultandisposalstores@gma il.com,9822082794,
103,"Indian Scrap Traders, Survey No. 11, Hissa No. 3/A, Ghusia Market, Gala no: 661, Vill: Pimpari, Post Dahisar, Dist: Thane",Thane,Dismantler,200,MPCB/RO(HQ)/HWMD/autho/19/EW-06 Date: 10/06/2019,31-05-2024,indianscrapt@gmail.com,25164797,
104,"Bombay Recyclers Pvt. Ltd., Gala No. P-17-18, S. No. 121/2, Balaji
 Industrial Park, Behind Hindalco Co. MIDC Taloja, Panvel, Dist. Raigad",Raigad,Dismantler,200,"MPCB/RO(HQ)/HSMD/Autho/19/EW-08
 Date: 29/07/2019",30-06-2024,bombayrecyclers@gmail.c om,9821174239,
105,"Hari Om Scrap Traders, 957/43, K.P. 2nd Lane, S. P. Road, Opp. Om Namahshivaya Bldg. Mumbai
 Central, Mumbai",Mumbai,Dismantler,49.5,"MPCB/RO(HQ)/HSMD/Autho/19/EW-09
 Date: 29/07/2019",30-06-2024,hariomscrap@gmail.com,9820135742,
106,"Go Green Recycling, Unit No. 75/66, Hasti Industrial Estate, TTC Industrial Area, Mahape, Navi
 Mumbai",Navi Mumbai,Dismantler,150,"MPCB/RO(HQ)/HSMD/Autho/19/EW-10
 Date: 29/07/2019",30-06-2024,gogreenrecyclingindia@g mail.co m,9892859959,
107,"New India Scrap Traders, Plot No. 31/E, Ashok Nagar, Dist.
 Aurangabad",Aurangabad,Dismantler,150,"MPCB/RO(HQ)/HSMD/Autho/19/EW-11
 Date: 01/08/2019",30-06-2024,newindia95@gmail.com,9545950000,
108,"Navkar Recycling, Sr. No. 69, Hissa No. 15, Mahamadiya Estate, Mumbai Panvel Road, Post.
 Dahisar, Dist. Thane",Thane,Dismantler,1000,"MPCB/RO(HQ)/HSMD/Autho/19/EW-13
 Date: 18/11/2019",30-11-2024,recycling.navkar@gmail.co m,9987470404,
109,"Harshita Green Recyclers, Gat No.
 452, Urse Talegaon Dhabade, Tal. Maval, Dist. Pune",Pune,Dismantler,500,"MPCB/RO(HQ)/HSMD/Autho/19/EW-14
 Date: 18/11/2019",30-11-2024,harshitagreenrecyclers@g mail.co m,9850205186,
110,"Vora Computers Pvt. Ltd., 1B, Lara Apartments, Sadhu Vaswani Chowk, Hotel Woodland Lane, 1/D/3, Tal. & Dist. Pune",Pune,Dismantler,50,"MPCB/RO(HQ)/HSMD/Autho/19/EW-14
 Date: 19/11/2019",30-11-2024,voracomputers_pl@hotm ail.com,9823582374,
111,"Clean Tech, B/8, Gala No. 3, Parasnath Indl Estate, Anjurphata Road, Village Val, Tal: Bhiwandi
 Dist: Thane",Kalyan,Dismantler,360,"MPCB/RO(HQ)/HSMD/Autho/19/EW-15
 Date: 19/11/2019",30-04-2024,aashoksing@gmail.com,9892602502,
112,"Green IT Recycling Centre Pvt. Ltd., Gat No. 207, Plot No. 3 & 4, Near Scienunero Company, Near PMT Depot, Shindewadi, Tal. Bhor, Dist.
 Pune",Pune,Dismantler,1000,MPCB/RO(HQ)/HSMD/autho/19/EW- 17 Date: 18/02/2020,31-01-2025,"rth_raj@hotmail.com
 avis.tech@rediffmail.com",9822356062,
113,"Avis Technoways, Plot No. A-58, MIDC Osmanabad, Dist.
 Osmanabad",Aurangabad,Dismantler,500,MPCB/RO(HQ)/HSMD/autho/19/EW- 18 Date: 18/02/2020,31-01-2025,,9420737679,
114,"Bhavesh Enterprises, Sr. No. 225/11, Hissa No. 23, Gausiya Compound, Gate No. 1, Vill. Pimpri,
 Tal. & Dist. Thane",Thane,Dismantler,200,MPCB/RO(HQ)/HSMD/autho/19/EW- 19 Date: 14/02/2020,31-01-2025,thoufise.11@gmail.com,9987263156,
115,"Om Recycling, 19/2, Mangalwa
 Peth,19/2 mangalwar peth pune., Peth, Dist. Pune",Pune,Dismantler,100,MPCB/RO(HQ)/HSMD/autho/19/EW- 20 Date: 25/02/2020,31-01-2025,omrecycling@gmail.com,9850205186,
116,"Process Recycling, Gala No,2, S. No 302, Richard Compound Near Maharashtra Vajan Kata, Umang pharma road vasai phata, Dist.
 Palghar",Thane,Dismantler,125,MPCB/RO(HQ)/HSMD/autho/19/EW- 22 Date: 06/03/2020,28-02-2025,san.karande1@gmail.com,7757967675,
117,"New Shivam Enteprises, Gala No.
 326, At. Post. Khandale, Near Suruchi Dairy, Dist. Pune",Pune,Dismantler,4800,MPCB/RO(HQ)/HSMD/autho/19/EW- 23 Date: 18/03/2020,28-02-2025,csashishbhadade@gmail.c om,7066904939,
118,"Mahesh Traders, Plot No. 316, Shree Shahu Market Yard, Tal. Karveer, Dist. Kolhapur",Kolhapur,Dismantler,107,"Consent No. Format1.0/RO-HQ/UAN No.0000163462/CR/2312000020
 Date: 01/12/2023
 Auth No. MPCB/RO(HQ)/HSMD/autho/ 19/EW- 24 Date: 19/03/2020","29/02/2028
 28/02/2025","maheshchetiwal11@gmail
 .com",9823901011,
119,"Manihar Enterprises, Survey No.
 74, Village Goteghar, Tal. Thane, Dist. Thane",Thane,Dismantler,1000,MPCB/RO(HQ)/HSMD/autho/19/EW- 82 Date: 30/11/2019,31-10-2024,shamimmanihar7@gmail.c om,9326135646,
120,"Asquare Industrial Solutions, Gala No. 3, Plot No. 35, Mulgaon, MIDC Khopoli, Tal. Khopoli, Dist. Raigad",Raigad,Dismantler,300,MPCB/RO(HQ)/HSMD/autho/20/EW- 01 Date: 21/07/2020,30-06-2025,asquare1516@gmail.com,9860034557,
121,"Map Trading Company, Gat No.
 670, Villoli, Tal. & Dist. Nashik 422010",Nashik,Dismantler,500,MPCB/RO(HQ)/HSMD/autho/20/EW- 02 Date: 28/07/2020,30-06-2025,abhi26mish@gmail.com,9028155357,
122,"Environment Experts, Gala No. 11, Lane, J. K. Compound, Opp. Roshan Comp. Kherani Road, Sakinaka,
 Mumbai",Mumbai,Dismantler,350,MPCB/RO(HQ)/HSMD/autho/20/EW- 03 Date: 28/07/2020,30-06-2025,abhi26mish@gmail.com,90281553570,
123,"Green Enviro Services, 118/1,
 Wasali, Tal. Khed, Dist. Pune",Pune,Dismantler,700,"MPCB/RO(HQ)/HSMD/autho/20/EW- 04
 Date: 28/07/2020",30-06-2025,"greenenviropune@gmail.c
 om",9604991177,
124,"Bsqaure E-Waste Recyclers, Gala No. 800, Survey No. 69/3, Siddhivinayak Market, Mohammadia Estate, Pimpri, Thane, Dist: Thane, Maharashtra.",Thane,Dismantler,325,MPCB/RO(HQ)/HSMD/autho/20/EW- 05 Date: 08/09/2020,31-08-2025,bdwadde501@gmail.com,9920440149,
125,"SK E-Waste Disposal, Gat No. 116, Fine Weight Bridge, Jadhavwadi, Chikhali, Tal: Haveli, Dist: Pune.",Pune,Dismantler,250,MPCB/RO(HQ)/HSMD/autho/20/EW- 07 Date: 11/11/2020,31-10-2025,shadiqkhan50@gmail.com,9766696298,
126,"Mahalaxmi E- Recyclers Pvt. Ltd. Plot No.77 & 78, Subplot No. 3A, Ramtekdi Industrial Area, Hadapsar, Tal. Haveli, Dist. Pune",Pune,Dismantler,525,MPCB/RO(HQ)/HSMD/autho/20/EW- 08 Date: 11/11/2020,31-10-2025,mpmehta_2000@yahoo.c om,7276411826,
127,"Kapila Enterprises, Gat No. 46/3,
 At. Post. Supa, Tal. Parner, Dist: Ahmednagar",Nashik,Dismantler,250,MPCB/RO(HQ)/HSMD/autho/20/EW- 09 Date: 11/11/2020,31-10-2025,kapilaentarprises2482@g mail.co m,9762803306,
128,"Aqsa Stamping, Plot no. 55, Rangara Industrial Estate, 33/35, Kiravali (Adivali), Tal. Panvel, Dist.
 Raigad.",Raigad,Dismantler,300,MPCB/RO(HQ)/HSMD/autho/20/EW- 10 Date: 11/11/2020,31-05-2025,"aqsastamping@rocketmail
 .com",9820026815,
129,"CPG Shell Mould & Casting, Plot No. W- 39, Additional MIDC, Satara",Pune,Dismantler,1000,MPCB/RO(HQ)/HSMD/autho/20/EW- 12 Date: 02/12/2020,31-10-2025,cpgshell@gmail.com,9822777706,
130,"Rolex Entrprises, Survey No. 218,
 Hissa No. 4/1, Dahisar, Navi Mumbai",Navi Mumbai,Dismantler,500,MPCB/RO(HQ)/HSMD/autho/20/EW- 13 Date: 28/12/2020,31-05-2024,rolex2030@gmail.com,9820072030,
131,"Eco Tech Recycling, C/6, (5), Sagar Industrial Estate, S. No. 46/4, Dhumal Nagar, Vasai (E), Tal: Vasai,
 Dist: Palghar.",Thane,Dismantler,450,MPCB/RO(HQ)/HSMD/autho/20/EW- 15 Date: 05/01/2021,31-12-2025,saiprasad.anavkar@gmail. com,9664998192,
132,"R T Corporation, S.No.377, H.No.2, Ambisi Ganeshpuri Road, Village- Palsai, Tal: Wada, Dist-Palghar.",Kalyan,Dismantler,3000,MPCB/RO(HQ)/HSMD/autho/20/EW- 16 Date: 08/01/2021,31-12-2025,rtc.iqbal@gmail.com,9324525208,
133,"Ecostar Recycling, Survey No.94 Hissa No.12 Mahadev Industrial, Near Ladi Company, Mumbra, Dist:
 Thane-400612.",Thane,Dismantler,275,MPCB/RO(HQ)/HSMD/autho/20/EW- 17 Date: 08/01/2021,31-12-2025,recyclingecostar@gmail.co m,9969425168,
134,"Bombay Metal Works, Sr. 54, Hissa
 No. 4, Dahisar Road, Pimpri, Tal & Dist: Thane",Thane,Dismantler,1000,MPCB/RO(HQ)/HSMD/autho/20/EW- 19 Date: 23/02/2021,31-01-2026,bombay.mw@gmail.com,9820047496,
135,"Ancus India Reprocessing Pvt. Ltd., shop No. 2, Bldg. No. 1, Tiwari Estate, Village Dhaniv, Nalasopara (E), Vasai",Thane,Dismantler,450,"Consent No. Format 1.0/RO-HQ/UAN No. 0000099317/CO-2103001282 Date
 22/03/2021
 Auth No. MPCB/RO(HQ)/HSMD/autho/ 20/EW- 20 Date: 16/03/2021",28-02-2026,ancusindia@gmail.com,9594285656,
136,"Progressive Recycler LLP. MIDC
 Chakan Industrial area (PH-II), D-45, Tal. Khed, Dist:-Pune",Pune,Dismantler,295,MPCB/RO(HQ)/HSMD/autho/20/EW- 22 Date: 31/03/2021,28-02-2026,progressiverecycler@gmai l.com,9601262269,
137,"Envirocare Recycling Pvt. Ltd., Unit no: 8/ C-I Actual Industrial Complex, Uchat, Road, Village Magathane, Tal. Wada Dist. Thane",Kalyan,Dismantler,500,MPCB/RO(HQ)/HSMD/autho/21/EW-01 Date: 12/05/2021,30-03-2026,info@envirocareindia.co.i n,9820094450,
138,"Green Planet Recycling Solutions, Sr. No. 72/1/A, At Bhandarli, Dahisar Mori, Old Mumbra Panvel Road, Tal. & Dist. Thane",Thane,Dismantler,550,MPCB/RO(HQ)/HSMD/autho/21/EW-02 Date: 12/05/2021,30-04-2026,info@greenrecycle.in,7666562225,
139,"A. S. Enterprises, Shop No. 4 Shankar Temple, Jasmine Bldg. Pestam Sagar Road No. 4, Chembur, Mumbai Suburban -
 400089",Mumbai,Dismantler,500,MPCB/RO(HQ)/HSMD/autho/21/EW-04 Date: 12/05/2021,30-04-2024,"as.enterprises9090@gmail
 .com",-,
140,"Rcube Recycling Pvt Ltd., Shree Ganesh Indl Estate, Vasai, Palghat, Khairpada, Palghar - 401330",Thane,Dismantler,230,MPCB/RO(HQ)/HSMD/autho/21/EW-06 Date: 18/06/2021,31-05-2026,info@rcuberecycling.com,8369684193,
141,"Alfa Trading Co., KOLHAPUR ESTATE, YADAV NAGAR, KHERANI
 ROAD, SAKINAKA, Andheri, Mumbai Suburban - 400072",Mumbai,Dismantler,80,MPCB/RO(HQ)/HSMD/autho/21/EW-07 Date: 23/06/2021,31-05-2026,alfatradingcomp@gmail.c om,9967665574,
142,"Universal Waste Management, Gala No. B-10, D. P. K. Compound,
 Khairani Road, Sakinaka, Mumbai –
 400072 - 400072",Mumbai,Dismantler,310,MPCB/RO(HQ)/HSMD/autho/21/EW-08 Date: 28/06/2021,31-05-2026,snadeemalvi@gmail.com,8692005752,
143,"Sadab Traders, Plot No. 1154, Gat No. 140/2A/1, Village Vilholi, Behind Jain Temple, Tal & Dist.
 Nashik - 422010",Nashik,Dismantler,300,MPCB/RO(HQ)/HSMD/autho/21/EW-10 Date: 25/06/2021,31-05-2026,sadabtra.nsk@gmail.com,9372670601,
144,"GNG Electronics Pvt. Ltd., Sr. No.
 54, Hissa No. Dahisar Rd, Pimpri, Tal. & Dist. - Thane",Thane,Dismantler,750,MPCB/RO(HQ)/HSMD/autho/21/EW-11 Date: 28/06/2021,31-07-2023,"vipul.g@electronicsbazaar
 .com",7667568801,
145,"ARSH RECYCLING PRIVATE LIMITED, GAT No. 1750, RANJANGAON GANPATI, PUNE NAGAR ROAD,
 Ranjangaon Ganpati, Pune - 412209",Pune,Dismantler,2400,MPCB/RO(HQ)/HSMD/autho/21/EW-12 Date: 29/06/2021,31-05-2026,arshrecycling4@gmail.co m,7040691499,
146,"SAHARA ENTERPRISES, GAT N0 65 DEHU ALANDI ROAD, CHIKHALI, TAL.HAVELI DIST.PUNE - 411062",Pune,Dismantler,160,MPCB/RO(HQ)/HSMD/autho/21/EW-14 Date: 24/08/2021,31/11/2026,irfan2068@gmail.com,9821761541,
147,"Anand Computer System, 2160 B, Sadashiv Peth, Swamipuram Bldg, Shop No. 7,8,9, Pune - 411030",Pune,Dismantler,350,MPCB/RO(HQ)/HSMD/autho/21/EW-16 Date: 22/10/2021,30-06-2026,anandcomputer2000@yah oo.com-,9371015373,
148,"Bharat E Waste Recycling Co., Sr. No. 189, Vill. Waliv, Vasai-Virar City (M Corp), Palghar - 401208.",Thane,Dismantler,500,MPCB/RO(HQ)/HSMD/autho/21/EW-17 Date: 22/10/2021,30-09-2026,"info@bharatewaste.com
 info@ewastemart.com",9224757187,
149,"E-Waste Mart, Survey No.94, Gala No.6, Umar Compound, Jahar Pada, Nalasopara, Vasai-Virar City (M Corp), District - Palghar - 401208.",Thane,Dismantler,500,MPCB/RO(HQ)/HSMD/autho/21/EW-18 Date: 25/10/2021,30-09-2026,,8655113333,
150,"Chaudhary Metal. 80/2, Village - Waliwali Dahisar, Mori, Mumbra Panvel Road, Group Grampanchayat, Dist. Thane -
 400612",Thane,Dismantler,350,MPCB/RO(HQ)/HSMD/autho/21/EW-19 Date: 27/10/2021,30-09-2026,chaudharymatel123@gma il.com,9167924507,
151,"E Clean E Green Recycling, Umar Compound, Jabar Pada, Nalasopara, Vasai-Virar City (M Corp), Dist.
 Palghar 401208.",Thane,Dismantler,500,MPCB/RO(HQ)/HSMD/autho/21/EW-21 Date: 29/10/2021,30-09-2026,gaustechcomputers786@g mail.com,9920977276,
152,"Earth Sense Recycle Pvt. Ltd., A7, Gala No.1,2 & 3, Ground Floor, Prerana Complex, Val Village, Dapoda Road, Anjurphatta, Bhiwandi, District-Thane.",Kalyan,Dismantler,750,MPCB/RO(HQ)/HSMD/autho/21/EW-22 Date: 03/11/2021,30-09-2023,ewastemumbai@earthsen se.in,7738389404,
153,"Regreen Recycling, Flt 205, Pocket 5, Ganeshwadi CHS Ltd, Bldg. 5, Bhimnagar, MIDC Andheri (E), Mumbai Suburban - 400093",Mumbai,Dismantler,120,MPCB/RO(HQ)/HSMD/autho/21/EW-24 Date: 01/11/2021,31-10-2026,info@regreenrecycling.co m,9819787816,
154,"Solapur Econ Recyfine, Plot No. K- 47 MIDC Chincholi, Tal. Mohol
 Chincholikati, Solapur – 413255",Pune,Dismantler,750,MPCB/RO(HQ)/HSMD/autho/21/EW-25 Date: 24/12/2021,31-07-2025,solapureconrecyfine21@g mail.com,9763034875,
155,"Greenscape Eco Management Private Limited, MIDC Chakan Industrial Area (Ph-II), Pune -
 410501",Pune,Dismantler,900,MPCB/RO(HQ)/HSMD/autho/21/EW-26 Date: 24/12/2021,31-12-2026,rupesh@greenscape- eco.com,7558426313,
156,"Krishna Metal Refinery, Plot No.1- 2/143, Sapronde Village, Taluka - Wada, District- Thane - 400086",Kalyan,Dismantler,750,MPCB/RO(HQ)/HSMD/autho/21/EW-27 Date: 24/12/2021,07/06/2025,krishnarefinery@gmail.co m,9323901533,
157,"Kuldeep E-Waste Disposals, Sr. No. 50, Waghjainagar, Mabegaon Khurd, Katraj- Ambegaon Road,
 Katraj, Pune - 411046",Pune,Dismantler,90,MPCB/RO(HQ)/HSMD/autho/21/EW-29 Date: 16/02/2022,30-09-2026,"sagarscrap@gmail.com
 jayant@connectinfosol.co m",9850289885,
158,"Connect Info Solutions India Private Limited, c/o: A-one Logistics Shop No 4, Saibaba Apartment, Plot No 12, Sector 9, Near Corporation Bank, Khanda Colony, New Panvel -
 410206",Raigad,Dismantler,130,MPCB/RO(HQ)/HSMD/autho/21/EW-30 Date: 17/02/2022,31-01-2027,,9820297108,
159,"Mac Fix Station, Office No. 201, Makhija Arcade, 35th Road, Khar Bandra Linking Road, Bandra,
 Mumbai Suburban - 400052",Mumbai,Dismantler,800,MPCB/RO(HQ)/HSMD/autho/21/EW-31 Date: 17/02/2022,28-02-2027,skasim11@gmail.com,8879765306,
160,"Manish Metal, Gat No 925, Near
 Ashtekar Bangla, A/P- Theur, Dist- Pune - 412110",Pune,Dismantler,550,MPCB/RO(HQ)/HSMD/autho/21/EW-32 Date: 18/02/2022,28-02-2027,"manish.metal5050@gmail
 .com",9850059804,
161,"S.K. Enterprises, Plot No: 134 Paiki Sub Plot No.- 1, Ahmednagar Industrial Estate Co-Op. Society Ltd, Nagpur-Pune Road, Ta & Dist - Ahmedanagar-414005.",Nashik,Dismantler,5000,MPCB/RO(HQ)/HSMD/autho/21/EW-34 Date: 22/02/2022,30-04-2024,skeprocessorsindia@yaho o.com,9422232332,
162,"BKE RECYCLING, Adsul Mala, Shivram Nagar, Uruli Devachi, Uruli Devachi, Pune - 412308",Pune,Dismantler,300,"Consent No. Format1.0/RO-HQ/UAN No.MPCBCONSENT- 0000124874/CO/2202001623 Date
 25/02/2022
 Auth No. MPCB/RO(HQ)/HSMD/autho/ 21/EW-35 Date: 25/02/2022",28-02-2025,bkerecycling@gmail.com,9764279786,
163,"Nagraj E-Waste Recycling, S.No.41 Vill Asoli Mouza Mahalgaon Tah Kamptee Dist Nagpur - 441202",Nagpur,Dismantler,1800,MPCB/RO(HQ)/HSMD/autho/21/EW-36 Date: 03/03/2022,28-02-2027,nagrajewaste@gmail.com,9595105301,
164,"New Ecotech Recycling, Survey no. 136, Hissa no. 364, At Post - Khaniwade, Taluka -Vasai, District. Palghar-401305.",Thane,Dismantler,300,"Consent No. Format1.0/RO-HQ/UAN No.MPCBCONSENT-0000121271/CO/ 2203000129 Date 03/03/2022
 Auth No. MPCB/RO(HQ)/HSMD/autho/ 21/EW-38 Date: 03/03/2022",31-01-2027,newecotechrecycling@gm ail.com,9096088943,
165,"R.K.E-Recycling International LLP Gala no.-2, Tirupati Industrial Park, Sativali Road, Vasai East- 401208",Thane,Dismantler,130,"Consent No. Format1.0/RO-HQ/UAN No.0000114365/CR/2203000131 Date 03-03-2022
 Auth No. MPCB/RO(HQ)/HSMD/autho/
 22/EW-39 Date: 03/03/2022",30-06-2026,info@rkrecycle.com,9004211892,
166,"CBS E-Waste Recycling Industries,
 G. No. 18/63/2, At. Khanapur, Tal. Akole, Dist. Ahmednagar",Nashik,Dismantler,2500,MPCB/RO(HQ)/HSMD/autho/21/EW-40 Date: 31/03/2022,28-02-2027,ganesh_bwalunj@rediffm ail.com,8275451169,
167,"J. S. Enterprises, Gat No-132, Khalumbre, Chakan - 410501",Pune,Dismantler,650,MPCB/RO(HQ)/HSMD/autho/21/EW-42 Date: 30/03/2022,31-01-2027,jsenterprises21@gmail.co m,9921280827,
168,"Scape E Recycler Private Limited, Near Bus Stand, Behind Hotel Chandralok, Shikshak Colony, Purna Dist. Parbhani, Purna, Parbhani -
 431511",Aurangabad,Dismantler,235,"Consnet No. Format1.0/RO-HQ/UAN No.MPCBCONSENT-0000130651/CO/ 2204000254 Date 06-04-2022
 Auth No, MPCB/RO(HQ)/HSMD/autho/
 21/EW-43 Date: 08/04/2022",31-03-2027,info@scaperecycler.com,9970062892,
169,"NICHOLAS RECYCLING PRIVATE
 LIMITED, Nicholas Compound, Sativali Road, Valiv.",Thane,Dismantler,500,MPCB/RO(HQ)/HSMD/autho/21/EW-44 Date: 12/04/2022,30-06-2026,info@ewasterecycling.co.i n,9821010148,
170,"K. G. N. Traders, Survey No. 11, Hissa No. 30, Gausiya Market, Village-Pimpri, Post-Dahisar, Dist.
 Thane - 400612",Thane,Dismantler,900,MPCB/RO(HQ)/HSMD/autho/21/EW-45 Date: 12/04/2022,31-03-2027,haider.rbt@gmail.com,9820484202,
171,"THE2BROS, 70 AS KURLA ANDHERI ROAD, OPP JARIMARI TEMPLE,
 Chandivali, Mumbai Suburban -
 400072",Mumbai,Dismantler,275,MPCB/RO(HQ)/HSMD/autho/21/EW-46 Date:22/04/2022,31-03-2027,Trade.The2bros@gmail.co m,8657771236,
172,"Right E-waste Recycle, S. No. 40/2/C, 40/3, Nashik Highway, Kalyan Sape Road, Tal. Bhiwandi.
 Dist. Thane",Kalyan,Dismantler,400,"MPCB/RO(HQ)/HSMD/Autho/22/EW-01
 Date: 09/06/2022",31-05-2027,santhanakumar@rightewa ste.com,7738389606,
172,"EMS Scrapo, S. No. 199, Hissa No. 3, Bharat Market, Khan Compound, Shil-Mahape Road, Shil, Tal. & Dist. Thane",Kalyan,Refurbisher,90,"Consent No. Format1.0/RO/UAN No.MPCBCONSENT_AMMENDMENT- 0000013099/CO/2408000041
 Dated 16/08/2024 Auth No.
 MPCB/RO(HQ)/HSMD/autho/22/EW-02 Date: 10/06/2022",31-05-2027,Emsscrapo@gmail.com,8793606855,
174,"Mayra Corporation, Plot No. C-157, MIDC Malegaon, Tal. Sinnar, Dist. Nashik",Nashik,Dismantler,30,"MPCB/RO(HQ)/HSMD/Autho/22/EW-04
 Date: 15/06/2022",31-05-2027,navnathsarwar@gmail.co m,9922142660,
175,"Perfect E-Waste Recyclers, Plot No. A-8/1, MIDC Chikhalthana, Tal. & Dist. Aurangabad",Aurangabad,Dismantler,184,"MPCB/RO(HQ)/HSMD/Autho/22/EW- 06
 Date: 14/06/2022",31-05-2027,perfectrecycler@gmail.co m,9881381700,
176,"Sahara Traders, Gala No. 1, Ground Floor, Kalyan Road, Temghar, Tal. Bhiwandi, Dist. Thane",Kalyan,Dismantler,700,"MPCB/RO(HQ)/HSMD/Autho/22/EW-07
 Date: 04/07/2022",31-05-2027,aashiyana10000@gmail.co m,9284080819,
177,"Trekomac Refurbs Pvt. Ltd., Plot No, G-3, Five Star MIDC Kagal Hatkanangale, Tal. Kagal, Dist. Kolhapur",Kolhapur,Dismantler,400,"MPCB/RO(HQ)/HSMD/Autho/22/EW-08
 Date: 04/07/2022",31-05-2027,refurbs.trekomac@gmail.c om,8652658017,
178,"Unity Enterprises, Gut No. 1745. Ranjangaon Ganpati, Tal. Shirur, Dist. Pune",Pune,Dismantler,1200,"MPCB/RO(HQ)/HSMD/Autho/22/EW-10
 Date: 08/09/2022",31-08-2027,unityenterprises.ue@gmai l.com,9762306473,
179,"Shabbir Traders, Plot No. P/15 & 16, Sr. No. 119/120/121, Balaji Industrial Park, Behind Hindalco, Vill. Tondre, Tal. Panvel, Dist.
 Raigad",Raigad,Dismantler,300,MPCB/RO(HQ)/HSMD/autho/22/EW-11 Date: 08/09/2022,31-07-2027,khanbashir5@gmail.com,9987737861,
180,"Recycling Future, S. No. 169,
 Bhangarpada, Post Kundevahil, Tal. Panvel. Dist. Raigad",Raigad,Dismantler,500,"MPCB/RO(HQ)/HSMD/Autho/22/EW-12
 Date: 08/09/2022",30-04-2027,katekar.aniket@gmail.com,9892027022,
181,"Star Envo Recycling (I) Private Limited, Gala No 3, Survey No. 11, Hissa No. 1/1, Choudhary Compound, Wakanpada, Pelhar, Waliv, Vasai (E), Tal. Vasai, Dist.
 Palghar",Thane,Dismantler,250,"MPCB/RO(HQ)/HSMD/Autho/22/EW-14
 Date: 19/09/2022",31-08-2027,envorecycling@gmail.com,8097910947,
182,"Shifa Traders, Gut No. 63, Dehu
 Moshi Road, Kudalwadi, Chikhali, Tal. Mulshi, Dist. Pune",Pune,Dismantler,300,"MPCB/RO(HQ)/HSMD/Autho/22/EW-15
 Date: 19/09/2022",31-08-2027,shifatreaders92@gmail.co m,9823724192,
183,"S. N. Brothers, S. No. 305, Dongaripada, Near Classic Company, Vasai-Virar (M. Corp.),
 Dist Palghar",Thane,Dismantler,180,"MPCB/RO(HQ)/HSMD/Autho/22/EW-16
 Date: 19/09/2022",31-08-2027,snbrothers74@gmail.com,9820980389,
184,"YASIN SCRAP, Gat No. 546, Shed
 No. 1, Jadhav Vasti, Village Wagholi, Tal: Haveli, Pune",Pune,Dismantler,200,"MPCB/RO(HQ)/HSMD/Autho/22/EW-17
 Date: 21/09/2022",31-08-2027,kaileshmohite@gmail.com,8805996742,
185,"Reteck Envirotech Pvt. Ltd., Plot
 No. 4 A, MIDC Taloja, Tal. Panvel, Dist. Raigad",Raigad,Dismantler,2500,"MPCB/RO(HQ)/HSMD/Autho/22/EW-18
 Date: 21/09/2022",30-06-2027,amol.varhadi@reteck.in,9892334045,
186,"Vatsala Enterprises, Gut. No. 183-6,
 Village Rajapur, Tal. Sangamner, Dist. Ahmednagar",Nashik,Dismantler,280,"MPCB/RO(HQ)/HSMD/Autho/22/EW-19
 Date: 21/09/2022",31-08-2027,sagarkakad2021@gmail.co m,9822346339,
187,"S K Enterprises, S. No. 77, Hissa No.
 1, Hindustan Market, Dieghar, Tal. Shil, Dist. Thane",Thane,Dismantler,300,"MPCB/RO(HQ)/HSMD/Autho/22/EW-20
 Date: 21/09/2022",31-08-2027,skenterprises5798@gmail. com,8433865798,
188,"OM R V Interiors, S. N. 92, Hissa No. 3, At Pelhar, Tal. Vasai, Dist Palghar",Thane,Dismantler,250,"MPCB/RO(HQ)/HSMD/Autho/22/EW-21
 Date: 21/09/2022",31-08-2027,info@omrvinteriors.com,9869587333,
189,"Mauli Metals, Gut No. 222, At
 Kadachi Wadi, Post Chakan, Tal. Khed, Dist. Pune",Pune,Dismantler,360,"MPCB/RO(HQ)/HSMD/Autho/22/EW-22
 Date: 21/09/2022",31-08-2027,suryakantniture.com@gm ail.com,9860296504,
190,"Grade Infratech Pvt. Ltd., Gut No. 849, Near Mahindra CIE, Ambethan Chakan, Village Chakan, Tal. Khed,
 Dist. Pune",Pune,Dismantler,300,"MPCB/RO(HQ)/HSMD/Autho/22/EW-23
 Date: 07/10/2022",31-08-2027,avanishsingh777@yahoo.c om,9326135646,
191,"General Technologies India Pvt Ltd, Plot No. MBP-2, Building No. A-1, Office No. 1213, 12th Floor, Rupa Solitaire Building, TTC Industrial Area, Mahape, Dist. Thane",Navi Mumbai,Dismantler,100,MPCB/RO(HQ)/HSMD/autho/22/EW-25 Date: 12/10/2022,30-09-2027,barun.adak@generaltechn ologies.co.in,9833382276,
192,"National Trading Corporation, S. No. 56/1, Plot No. 18 & 19, Old Mumbai-Panvel Road, Village
 Pimpri, Tal. & Dist. Thane",Thane,Dismantler,140,"MPCB/RO(HQ)/HSMD/Autho/22/EW- 26
 Date: 11/10/2022",30-09-2027,ntcorp@live.com,9892416216,
193,"Spas Computers Pvt. Ltd. 7 & 12, Hema Industrial Estate, Premises, Cos Ltd. Sarvodaya Nagar, Rajmata Jijai Road, Jogeshwari E",Mumbai,Dismantler,500,MPCB/RO(HQ)/HSMD/autho/22/EW-27 Date: 11/10/2022,31-07-2027,spascomputers@gmail.co m,8898899899,
194,"Noble Trading Company, S. No. 11, Hissa No. 23, Gausiya Market, Village Pimpari, Old M. P. Road, Tal.
 & Dist. Thane",Thane,Dismantler,265,"MPCB/RO(HQ)/HSMD/Autho/22/EW-28
 Date: 14/11/2022",31-10-2027,habimht@gmail.com,9869146970,
195,"Pakeeza Traders, Plot No. 406, 407, 408, At. Soyapur, Tal. & Dist.
 Aurangabad",Aurangabad,Dismantler,720,"MPCB/RO(HQ)/HSMD/Autho/22/EW-31
 Date: 18/11/2022",31-07-2027,shmsudeen_123@rediffm ail.com,9870006296,
196,"D Trading Company, Gat No- 880, Opp Noble Weigh Bridge, Kudalwadi, Chikhali, Tal- Haveli,
 Dist- Pune",Pune,Dismantler,451,"MPCB/RO(HQ)/HSMD/Autho/23/EW-32
 Date: 04/01/2023",31-12-2023,dtradingcompany155@gm ail.com,9970865338,
197,"Rajhans Ferrous Scrap Trade Private Limited, (Unit II), Gut No. 878, Kudalwadi, Pimpri Chinchwad, Haveli, district -Pune.",Pune,Dismantler,500,"MPCB/RO(HQ)/HSMD/Autho/23/EW-33
 Date: 04/01/2023",31-12-2027,accounts@rajhanstrade.co,9618785285,
198,"CLEAN PLANET LLP, GAT NO. 2241,
 42, 43, Ramling ware house, Shel- Pimpalgaon (Mohitewadi), Chakan Shikrapur Road, Pune",Pune,Dismantler,2700,"MPCB/RO(HQ)/HSMD/Autho/23/EW-34
 Date: 04/01/2023",31-12-2027,sawantrohan18@gmail.co m,9969664655,
199,"JUPITER ENTERPRISES, Gala No 08
 and 09 Gilbert Compound, Kherani Road Durga Mandir Lane, Kairani Road, Sakinaka Mumbai",Mumbai,Dismantler,150,"MPCB/RO(HQ)/HSMD/Autho/23/EW-35
 Date: 04/01/2023",31-12-2027,jupiterenterprises194@g mail.com,9028556744,
200,"Biyani Polymers, M-75 MIDC Jalgaon, Tal. & Dist. Jalgaon",Nashik,Refurbihser,350,"Consent No. Format 1.0/RO/UAN No.MPCBCONSENT_AMMENDMENT- 0000013124/CO/2408000039
 Date 16/08/2024
 Auth No. MPCB/RO(HQ)/HSMD/Autho
 /23/EW-36 Date: 04/01/2023",31-12-2027,biyaniprateek@yahoo.co m,9823020288,
201,"ALFA TRADING COMPANY, S. No.
 69, Hissa No. 8, House No. 531, Village Pimpri, Dahisar, Tal & Dist. Thane",Thane,Dismantler,600,"MPCB/RO(HQ)/HSMD/Autho/23/EW-37
 Date: 04/01/2023",31-12-2027,alfatradingcomp@gmail.c om,996766557,
202,"Lico Materials Pvt Ltd, Plot No. D- 17 Taloja, MIDC Industrial Area, Village Pendhar, Taluka Panvel
 District Raigad 410208",Raigad,Dismantler,1000,"MPCB/RO(HQ)/HSMD/Autho/23/EW-38
 Date: 04/01/2023",31-12-2027,ashok.bagchi@epsiloncarb on.com,9869528190,
203,"Recycle Mitra Eco Care LLP, Plot No. A-368,Floor No.1, Building Name M H Industries, Block Sector, Wagle Industrial Estate, Thane",Thane,Dismantler,100,"MPCB/RO(HQ)/HSMD/Autho/23/EW-39
 Date: 04/01/2023",31-12-2027,info@recyclemitra.com,7506942278,
204,"NIZAM ENTERPRISES, B-24, Nand
 Jyot Industrial Premises Co Op Society Ltd, A K Road, Safed Pool, Andheri (E),400072",Mumbai,Dismantler,90,"MPCB/RO(HQ)/HSMD/Autho/23/EW-40
 Date: 04/01/2023",31-12-2027,"safatchoudhary@yahoo.co
 .in",9823669059,
205,"HAQ Processing Pvt. Ltd., Survey No. 200, Gala No. C-6, Datar Industrial Estate, Pelhar Vasai, Tal
 Vasai, Dist Palghar.",Thane,Dismantler,224,"MPCB/RO(HQ)/HSMD/Autho/23/EW-41
 Date: 05/01/2023",31-12-2027,info.haqprocess@gmail.co m,9220203132,
206,"Muskmelon Envtech Pvt. Ltd. Godown D-4, D-5, Dev Warehousing, Sai Sstyam Nagar,
 Nagar Road, Wagholi, Pune",Pune,Dismantler,400,"MPCB/RO(HQ)/HSMD/Autho/23/EW-42
 Date: 04/01/2023",31-12-2027,muskmelon050@gmail.co m,7040691499,
207,"Green Clean Recycling, S No 72,
 Hissa No 4, Hayat Market, Walivali, Thane",Thane,Dismantler,350,"MPCB/RO(HQ)/HSMD/Autho/23/EW-43
 Date: 04/01/2023",31-12-2027,"greencleanrecycler@gmail
 .com",8837610084,
208,"S. K. Enterprises, Plot No. 134 &
 183 Ahmednagar Ind. Co-Op Society Ltd",Nashik,Dismantler,5000,"MPCB/RO(HQ)/HSMD/Autho/23/EW-45
 Date: 29/03/2023",31-03-2028,skeprocessorsindia@yaho o.com,9822475277,
209,"Valji Khimji & Co., A/p- Shirwal,
 Gut No. 821A, Tal- Khandala, District - Satara.",Pune,Dismantler,3600,"MPCB/RO(HQ)/HSMD/Autho/23/EW-46
 Date: 29/03/2023",31-03-2028,pratapkmange@gmail.co m,9763243771,
210,"Anitha Sri Recycling, H No- 410 /3, Khan Campound, Gaibi Nagar,Bhiwandi, Dist Thane.",Kalyan,Dismantler,200,"Consent No. Format1.0/RO-HQ/UAN No.0000155865/CO/2304000684 Date 12/04/2023
 Auth No. MPCB/RO(HQ)/HSMD/Autho/
 22/EW-47 Date: 29/03/2022",31-03-2028,anithasrirecycling@gmail.c om,9949611212,
211,"Naved Enterprises, Gut No. 61, P. No..1,2, & 3, Village Sahajapur, Karodi Highway, Aurangabad",Aurangabad,Dismantler,150,"MPCB/RO(HQ)/HSMD/Autho/23/EW-48
 Date: 29/03/2023",31-03-2028,"naveedkhan.nk966@gmail
 .com",9075032007,
212,"E Cycle & Company, Plot No. 7, Gnyanchand Nagar, Paithan Road, Near Aman Hardware, Chitegaon, Tal. Paithan, Dist. Aurangabad",Aurangabad,Dismantler,140,"MPCB/RO(HQ)/HSMD/Autho/23/EW-49
 Date: 29/03/2023",31-03-2028,sanjaymawal26@gmail.co m,9763395894,
213,"Saraswati Enterprises, Gat No. 63, Dehu Alandi Road, Near Regal Petroleum, Jadhavwadi Chikhali Pune 411062",Pune,Dismantler,1000,"Consent No. Format1.0/RO-HQ/UAN No.0000161871/CO/2304000619
 Date 11/04/2023
 Auth No, MPCB/RO(HQ)/HSMD/Autho/ 22/EW-50 Date: 29/03/2023","31-03-2026
 31-03-2028",saraswatie2@gmail.com,9850417772,
214,"Aman Steel Enterprises, Gat No 879,Godown No 2, Near Rajhans Kata, Kudalwadi, Chikhali, Pune 411062",Pune,Dismantler,200,"Consent No. Format1.0/RO-HQ/UAN No.0000161878/CO/2304000623
 Date 11/04/2023
 Auth No. MPCB/RO(HQ)/HSMD/Autho/ 23/EW-51 Date: 29/03/2023","31-03-2026
 31-03-2028",amansteel002@gmail.com BPUPK,9822816329,
215,"AVIS Group, S. No. 4/5, Vedant
 Nagari, Karve Nagar, Pune, Tal. Haveli, Dist. Pune 411004",Pune,Dismantler,200,"MPCB/RO(HQ)/HSMD/Autho/23/EW-52
 Date: 29/03/2023",31-03-2028,mohdazim.sheikh03@gma il.com,976294000000,
216,"Mukesh Metal, Sr. No.93, Hissa No.1, Behind Deepesh Lodge, Goteghar, Uttarshiv, Mumbra -
 Panvel Road, Dist Thane.",Thane,Dismantler,400,"MPCB/RO(HQ)/HSMD/Autho/23/EW-54
 Date: 29/03/2023",31-03-2028,info@mukeshmetal.net,9819893595,
217,"Wave E Waste Recycling Pvt Ltd. Sr. No. 11, Hissa No. 1/1, Chaudhary Compound, Wakam Pada, Dist.
 Palghar 401208",Thane,Dismantler,200,"MPCB/RO(HQ)/HSMD/Autho/23/EW-56
 Date: 29/03/2023",31-03-2028,waveewasterecycling@gm ail.com,9076607151,
218,"A K Barrels and Generals Scrap, Gala No. 4 & 5, Nisar Compound, Khot Bungalow, Village Bhandarli, Thane",Thane,Dismantler,225,"Consent No. Format1.0/RO(BMW)/UAN No.MPCBCONSENT-0000158883/CO/ 2305000111 Date 03/05/2023
 Auth No. MPCB/RO(HQ)/HSMD/Autho/ 23/EW-57 Date: 29/03/2023",31-03-2028,rizwan.cugar@gmail.com,8655013969,
219,"Savita Barrels, Sr. No. 7, Mihili, Opp. Jangleshwar Mahadev Mandir, J.M.M. Road, Ghatkopar
 Mumbai. - 400086",Mumbai,Dismantler,125,"MPCB/RO(HQ)/HSMD/Autho/23/EW-58
 Date: 29/04/2023",31-03-2028,dineshbhanushali@hotmai l.com,9820731111,
220,"Lucky Enterprises, Sr. No. 21, Uttarshiv, Ghoteghar, Tal. & Dist. Thane",Thane,Dismantler,500,"Consent No. Format1.0/RO-HQ/UAN No.0000155126/CO/2305001024
 Date: 15/05/2023
 Auth. No. MPCB/RO(HQ)/HSMD/Autho/ 23/EW-59 Date: 29/03/2023",29-02-2028,"khannisarahmed09@gmail
 .com",9820386123,
221,"Raza Enterprises, Sr. No. 124, Shed A, Gate No. 1, Khandve Nagar, Kharadi, Tal. Haveli, Dist. Pune",Pune,Dismantler,365,"Consent No. Format1.0/RO-HQ/UAN No.0000150751/CO/2306000418 Date: 06/06/2023
 Auth No. MPCB/RO(HQ)/HSMD/Autho/ 2023/EW-53 Date: 29/03/2023",31-03-2028,razaentp1986@gmail.com,9921002786,
222,"National Sales Corporation, S. No. 314/2, Godown No. 1, Handewadi Saswad Road, Village Uruli Devachi, Tal. Haveli, Dist. Pune",Pune,Dismantler,250,"Consent No. Format1.0/RO-HQ/UAN No. 0000149354/CO/2305000138 Date:
 03/05/2023",31-03-2028,nationalsalescorporation.p une@gmail.com,9371007036,
223,"Green Care E Waste Recycling, Gala No. 9, Survey No. 81/4, 81/7, 99/1 P, Village Pogaon, Bhiwandi, Tal.
 Bhiwandi, Dist. Thane",Kalyan,Dismantler,200,"Consent No. Format1.0/RO-HQ/UAN No. 0000166586/CO/2304001734 Date:
 25/04/2023",31-03-2028,nitinhule123@gmail.com,9820928610,
224,"Z A Barrel Suppliers, Shop No. 19A & 19B, Survey No 11 Hissa No 30, Gausiya Market, Pimpri,
 Thane",Thane,Dismantler,125,"Consent No. Format1.0/RO(BMW)/UAN No.MPCBCONSENT- 0000142609/CO/2209000888
 Date15/09/2022
 Auth No. MPCB/RO(HQ)/HSMD/Autho/ 22/EW/13 Date 12/09/2022","31-08-2027
 31/08/2027",z.a.barrelsuppliers@gmail.co m,9870675453,
225,"Bakruddin Din Mohammad,
 Plot No. 18, Naregaon, Rajendra Nagar, Aurangabad, Tal. & Dist. Aurangabad",Aurangabad,Dismantler,165,"Consent No. Format1.0/RO(BMW)/UAN No.MPCBCONSENT- 0000155308/CO/2307000415 Date
 07/07/2023",30-06-2026,bakarudeenenterprises@gm ail.com,7744876875,
226,"Eco Tantra LLP, S. No. 77/6, Vishnu Malti Industrial Estate, Shivane, Pune, Tal. & Dist. Pune",Pune,Refurbisher,300,"Consent No. Format1.0/RO-HQ/UAN No.0000150986/CO/2305000050
 Date: 02/05/2023",30-04-2028,richa@ecotantra.in,8981473653,
