Sr no,Name,Client Name,Address,,Contact,Website,Feedback call
1,A B LOGISTICS,SATVANT ,"208, 2ND FLOOR,DENA BANK BUILDING, NIRAV CHAMBER,SECTOR: 9/A,BANKING CIRCLE,370201",Gandhidham,9825239223,,NOT ANSWERING 
2,A D MEHTA CLEARING AGENCY,DEVANG MEHTA ,"OFFICE NO. 21, 22 ,1ST FLOOR,,KASEZIA BUILDING,NEAR PNB BANK,GANDHIDHAM,370230",Gandhidham,9727707625,http://www.mcsconsultants.in,NOT ANSWERING 
3,A R SHIPPING AGENCY,AMARENDRA,"130 MODI STREET,,LOKHNDWALA BUILDING,4TH FLOOR ROOM NO 12-13,FORT,MUMBAI,400001",Mumbai,9428506329,,BUSY 
4,A S CLEARING AND FORWARDING INDIA PRIVATE LIMITED,AVDHES TIWARI ,"I-39,301.,POONAM SAGAR COMPLEX,OPP-SECTOR-09,MIRA ROAD(EAST),401107",Mira Road (East),7777030843,,NOT IN USE 
5,A T P & SONS,YOGESH PARMAR ,"1ST FLOOR,ATP HOUSE,BHALPARA ROAD,NEAR BHALKA RAILWAY CROSSING,362269",Bhalka,9825221399,,NO REQUIREMENT 
6,AARKAY MARINE AGENCIES,NA,"213/214,,MANI COMPLEX,,PLOT NO. 84, SECTOR - 8,,GANDHIDHAM - KUTCH - GUJARAT,370201",Gandhidham,9825226519,http://www.aarkaygroup.com,BUSY 
7,AASHIMA TRANSLOGISTICS,AASHIMA ,"23 2ND FLOOR,GEETA SADAN,N S ROAD,MULUND (WEST) MUMBAI,400080",Mumbai,7208131199,,NO REQUIREMENT 
8,ABHAY NARAYAN SINGH,ABHAY UDAY SINGH ,"2/16,,JAYDURGA CHAWL,,L.M.ROAD,DAHISAR -WEST,400068",Dahisar,9322604700,,BUSY 
9,ABHYANSH SHIPPING SERVICES INDIA PVT LTD,DHARMESH ABHYANSH ,"708, SHELTON SAPPHIRE,SHELTON SAPPHIRE,PLOT NO. 18/19, SECTOR-15,CBD BELAPUR, NAVI MUMBAI,400614",Navi Mumbai,9136687052,,NOT ANSWERING 
10,AJAY CLEARING ENTERPRISE,HEMANT PALAN ,"36, 2ND FLOOR,,ANAM NIWAS,,M.G.ROAD,MULUND-WEST, MUMBAI,400080",Mumbai,9821728876,,BUSY 
11,AJAY LOGISTICS PRIVATE LIMITED,S C JOSHI ,"104,CHAMPAPURI,NEW MUNDRA,NEW MUNDRA,370421",Mundra,9324873411,http://www.ajaycargo.com,BUSY 
12,AKSHAT SHIPPING & LOGISTICS,DHIREN ,"OFFICE NO. 117,GOKUL PARK,,PLOT NO. 356,WARD 12B, GANDHIDHAM,370201",Gandhidham,9726688988,,NOT INTERESTED 
13,AL CARGO SERVICES,SAMEER SHARMA ,"102,SADGURU EMPIRE,ADANI PORT ROAD,MUNDRA,370421",Mundra,9978647522,,CALL NOT CONNECTED
14,ALCAN LOGISTICS LLP,VIJAY SHARMA ,"355 D,SUDHARSHAN BUNGLOW,DAV SCHOOL,ADIPUR,370205",Adipur,9909951528,,BUSY 
15,ALL MARINE CARGO SERVICES,AMIT SINGH ,"OFFICE NO.111 FIRSR FLOOR,SECTOR-8, PLOT NO.93,RISHABH CORNER, TAGORE ROAD,NEAR - K.D.B.A GYMKHANA, GANDHIDHAM,370201",Gandhidham,9726244422,,BUSY 
16,ALLWIN CARGO,SHAKTI SINH ZALA ,"OFFICE NO.05, PLOT NO.45,MARITIME HOUSE BUILDING,SECTOR - 7,GANDHIDHAM - KUTCH,370201",Gandhidham,9537495895,,CALL DISCONNECTED 
17,AM LOGISTICS,MUKESH JHA ,"FLAT NO-4/PLOT NO-5&6,5&6 WARD AE BHARAT NAGAR,5&6 WARD AE BHARAT NAGAR,GANDHIDHAM,370201",Gandhidham,9818144334,,NOT REQUIRED 
18,AMAN SEATRANS PVT LTD,SUNNY KOCHAR ,"PLOT NO 120,,DC2,GANDHIDHAM,GANDHIDHAM,370201",Gandhidham,9825227560,,NOT ANSWERING 
19,AMBIT SHIPPING CORPORATION,DEEPAK SHARMA ,"SHOP NO 09 PLOT NO 80,SECTOR 9/C,NATIONAL HIGHWAY,GANDHIDHAM,370201",Gandhidham,9723896475,http://www.ambitshipping.in,NO REQUIREMENT 
20,AMIABLE LOGISTICS (INDIA) LIMITED,KISHORE MANGE ,"322, 3RD FLOOR, D WING,,NEELKANTH BUSINESS PARK,,KIROL VILLAGE NEAR BUS DEPOT,,VIDYAVIHAR (W),MUMBAI,400086",Mumbai,9664433457,,NO REQUIREMENT 
21,ANAGHA LOGISTICS PVT LTD,PREM GUPTA ,"A-204,,SWAROOP CENTER BEHIND MATERY PARK,OM NAGAR ANDHERI EAST,ANDHERI,400099",Andheri,9768555566,http://anaghalogistics.com,NOT REQUIRED 
22,ANITA LOGISTICS,MILAN KOTHARI ,"SHOP NO 3,PANCHRATNA COMPLEX,PLOT NO 169,WARD 12 B , GANDHIDHAM,370201",Gandhidham,9427049489,,NOT ANSWERING 
23,ANT LOGISTICS PVT LTD,MITAL BUCH ,"43, EMPIRE TOWER, NEAR ASSOCIATED,PETROLEUM, C.G.ROAD,,PANCHAVATI,AHMEDABAD,380006",Ahmedabad,9429814461,,BUSY 
24,ARADHYA GLOBAL FREIGHT FORWARDING PVT LTD,NA,"OFF. NO. 4&5 GALAXY HOTEL,1ST FLOOR,OFF SHUBHAM PETROL PUMP SHAKTI NAGAR,MUNDRA,370230",Mundra,9426916098,,SEND DETAILS ON WP 
25,ARIHANT SHIPPING AGENCIES,KETAN SHAH ,"SECOND FLOOR,RIDDHI SIDDHI ARCADE 3,SECTOR 8,GANDHIDHAM,370201",Gandhidham,9825857478,,CALL DISCONNECTED 
26,ARVIND AND COMPANY,DHAVAL JOSHI ,"5TH FLOOR,,CITY POINT,,OPP. TOWN HALL,,JAMNAGAR,361001",Jamnagar,8141100055,,DND 
27,ARVINDKUMAR SHANTILAL AND SONS PRIVATE LIMITED,NA,"OFFIC NO 140,SHAKTI PLAZA, ZERO POINT,ADANI PORT ROAD,MUNDRA,370421",Mundra,9925550808,http://www.asnsons.com/,BUSY 
28,ASHAPURA LOGISTIC SOLUTION,ASHAPURA GANDHIDHAM ,"OFFICE NO.215,RIDDHI SIDDHI ARCADE-II,PLOT NO. 40, OPP.HONDA ACTIVA SERVICE STATION,CHAMBER OF COMMERCE ROAD,GANDHIDHAM,370201",Gandhidham,9979857662,,DND 
29,ASHAPURA SHIPPING AGENCY,ASHOK BHANUSHALI ,"PLOT NO. 8/9,NR ST BUS STAND,BUNDER ROAD,MUNDRA,370421",Mundra,9825226517,,BUSY 
30,ASIA SHIPPING SERVICES,ANIL KARIA ,"1ST FLOOR,ASIA SHIPPING SERVICES,PLOT NO.59 SECTOR 1/A,BEHIND MUNCIPAL MARKET, GANDHIDHAM KUTCH,370201",Gandhidham,9825226046,,CALL DISCONNECTED 
31,ASIAN PREMIER LOGISTICS,KARAN GAJARA ,"PLOT NO 80/B,,WARD - 9/AF,ODHAVRAM SOCIETY,BHARAT NAGAR, GANDHIDHAM,370240",Gandhidham,9978099955,,BUSY 
32,ASPIRE LOGISTICS PVT LTD,NARAYANA KONDAPPA ,"S-2, 55/113,,R E APARTMENT,A P ROAD,CHOOLAI,,CHENNAI,TAMILNADU,600112",Chennai,8866988222,,NO REQUIREMENT 
33,ASR LOGISTICS INDIA PVT LTD,ASR ,"OFFICE NO.201, 2ND FLOOR,NILESH OWNER ASSOCIATION,,NEAR KDBA GYMKHANA,,SECTOR 8,370201",Gandhidham,7069007453,https://www.asrlogistics.com,NOT ANSWERING 
34,ASSOCIATED COSOLIDATION SERVICES PVT LTD,SUNIL MODH ,"104,,ASOPALAV ARCADE,PLOT NO. 004,SECTOR-09A,370201",,9638566901,http://www.atc.co.in,BUSY 
35,ASSURE CARGO PVT LTD,CHANDAN JAIN ,"ROOM NO. 85,86,C-145 PHASE V,BINDRA COMPLEX FOCAL POINT,LUDHIANA,141010",Ludhiana,9878444448,,DETAILS SEND ON WP 
36,ATLANTIC FREIGHT FORWARDERS,ANAND SHUKLA ,"225, 2ND FLOOR,CITY CENTRE,THE MALL,KANPUR,208001",Kanpur,8980013382,https://www.atlanticfreightforwarder.com,NOT REQUIRED 
37,ATLAS LOGISTICS PVT LTD,ATLAS LOGISTICS ,"5/391, CALDWELL COLONY,5TH STREET,.,TUTICORIN,628002",Tuticorin,9898041094,http://atlaslogistics.co.in,BUSY 
38,ATUL U JOSHI,ATUL JOSHI ,"PLOT NO.116/02,WARD 3A,ADIPUR,ADIPUR,370205",Adipur,9825362142,,NOT REQUIRED 
39,AURA CLEARANCE SERVICE,BHUPENDRA SINGH ,"D-102,NEAR HANUMAN TEMPLE,AMBABARI,JAIPUR, RAJASTHAN,302039",Jaipur,9829015303,,NOT ANSWERING 
40,AVANI SHIPPING & LOGISTICS LLP,PRATIK CHUHAN ,"PLOT NO.2, SECTOR-12/B,,NEAR P.S.L. NATIONAL HIGHWAY,,KASEZ ROAD,,GANDHIDHAM,370230",Gandhidham,9558814710,,NOT A CHA  
41,AVM LOGISTICS PVT LTD,AJAY SHARMA ,"305,PANLEE COMPLEX,SARDARPATEL SEWASAMAJ HALL,MITHAKALI,380006",Ahmedabad,9825022791,,HE WILL CALLBACK 
42,AVVASHYA CCI LOGISTICS PVT LTD,NA,"OFFICE NO. 215,,GOLDEN HEIGHTS , 2ND FLOOR,PLOT NO.12, SECT. 8,,GANDHIDHAM,370201",Gandhidham,9712914365,https://www.avvashyacci.com/,CALL DISCONNECTED
43,B DEVCHAND AND SONS SHIPPING PVT LTD,JK UDANI ,"103/104,KANCHAN JUNGHA APP.,OPP CRICKET BUNGLOW,JAMNAGAR,361001",Jamnagar,9687888661,htpp://www.bdevchand.com,BUSY 
44,B N THAKKER AND SONS,SAGAR THAKKER ,"FIRST FLOOR, PLOT NO.142,GIRISH COMPLEX,SECTOR NO.1/A,GANDHIDHAM,370201",Gandhidham,9825225250,http://www.bntnco.com/,BUSY 
45,BABA RAMDEVPIR SHIPPING,DAMJI DHIRAOO,"PLOT NO.130/B,,APNANAGAR,,GANDHIDHAM,,KACHCHH,GUJARAT,,370201",Gandhidham,9825236010,,BUSY 
46,BABAJI SHIVRAM CLEARING & CARRIERS PVT LTD,RAVI BHAT ,"PLOT NO. 2,BEHIND EXCOM HOUSE,,SAKIVIHAR ROAD, SAKINAKA,ANDHERI (E), MUMBAI,400072",Mumbai,8980035697,https://www.babajishivram.com,DETAILS SEND ON WP 
47,BARE ACT SHIPPING,RAJ MISHRA ,"OFFICE NO- 18, PLOT NO - 36,,KUKREJA ESTATE,,SECTOR - 11,CBD BELAPUR, NAVI MUMBAI, MAHARASHTRA,400614",Navi Mumbai,9820130367,,BUSY 
48,BAYLOR SEALIFT SHIPPING AND LOGISTICS,RAHUL RAJGOR ,"OFFICE NO 08,MANI COMPLEX,PLOT NO 84 , SECTOR 8,NEAR RAAMLEELA MAIDAN,370201",Gandhidham,9687600800,,BUSY 
49,BELIEVE LOGISTIC,BHAGAT SINGH ,"1ST FLOOR, OFFICE NO.103, PLOT NO. 120,RIDHI SIDHI ARCADE- III,SECTOR-8, GANDHIDHAM,KUTCH - GUJARAT,370201",Gandhidham,8140605550,,NOT AVAILABLE 
50,BENCHMARK SHIPPING AND LOGISTICS,AMIT MALI ,"OFFICE NO, M-8,,MEZZANINE FLOOR,RATNAKALA ARCADE,,NEAR IDBI BANK,,ADANI PORT ROAD, MUNDRA, KUTCH,370421",Mundra,9978865666,,CALLBACK AT 5PM 
51,BHANJEE JEVATH KHONA & CO,MUNDRA RAJVEER ,"PLOT NO. 79, OFFICE NO. 2, GIDC DHRUB,,MUNDRA KUTCH,ADANI PORT ROAD,GIDC RAGOLI,370421",Mundra,8758555198,,NOT ANSWERING 
52,BHARTI TRADING,DILIP PATEL ,"PATEL AVENUE,PLOT NO 170, SECTOR 1A,IIND FLOOR,GANDHIDHAM KUTCH,370201",Gandhidham,9825226093,HTTP://WWW.PATELSHIPPING.COM,CALL DISCONNECTED 
53,BHATIA SHIPPING PRIVATE LIMITED,ASHOK KUMAR ,"SHIPPING HOUSE,KUMTHA STREET,BALLARD ESTATE,MUMBAI,400001",Mumbai,9825555362,http://www.bhatiashipping.com,NO REQUIREMENT 
54,BHAVYA SHIPPING,INSU QUR ,"8,PLOT NO. 368, 369 & 377,WARD 3/B,,ADIPUR,370205",Adipur,9998484999,http://www.bhavyaship.com,NOT A CHA  
55,BLACKFIN SHIPPING & LOGISTICS,BLACKFIN ,"OFFICE NO. 02, PLOT NO. 06, WARD 7-B,,TIME SQUARE 2, FIRST FLOOR,,GURUKUL AREA, GANDHIDHAM,,GANDHIDHAM, KACHCHH, GUJARAT,,370201",Gandhidham,8799206021,,BUSY 
56,BLUE SEA LOGISTICS,HIMANSHU AGARWAL ,"2ND FLOOR 2/3,KALKAJI EXTN,DELHI,SOUTH DELHI,110019",Delhi,9910299909,,NOT ANSWERING 
57,BLUE SEA SHIPPING AGENCY PVT LTD,PANKAJ KAPADIA ,"201,NAVRATAN BUILDING,69 P D MELLO ROAD,CARNAC BUNDER,400009",Mumbai,9892800886,,BUSY 
58,BOXCO LOGISTICS INDIA PVT LTD,ANIL SHARMA ,"10,12TH FLOOR,1201-A WING,GODREJ COLISEUM,,OFF SOMAIYA ROAD, EVERARD NAGAR,MUMBAI, MAHARASHTRA - 400022,400022",Mumbai,9727721705,,DETAILS SEND ON WP 
59,BRIGHT SHIPTRANS PVT LTD,PARAG ,"OFFICE NO S02,ARJANS MALL,SECTOR 8 PLOT NO 118 119,GANDHIDHAM,370201",Gandhidham,9913122444,,HE LEAVE WORKING AS A CHA 
60,BROWN BULL CLEARING PVT LTD,NIRAJ DESHPANDE ,"1ST FLOOR, UNIT NO 11, B WING 111,SHREE NAND DHAM,PLOT NO 59, SECTOR-11,CBD BELAPUR, NAVI MUMBAI,400614",Navi Mumbai,9820813335,https://www.bbllogistics.com,CALL DISCONNECTED
61,BUKHARI SHIPPING AND LOGISTICS,AAMIR BHUKARI ,"BUKHARI SHIPPING AND LOGISTICS,OPP PANJRAPOLE COMPLEX,NEAR ST STAND,MUNDRA,370421",Mundra,9879600274,,BUSY 
62,BWI LOGISTICS PVT LTD,RAMPRASAD PAL,"ADD: 2ND FLOOR 11, RAJDEEP COMPLEX PLOT NO. 15, SECTOR 9, NR, BANKING CIRCLE GANDHIDHAM - 370201,RAJDEEP COMPLEX,BANKING CIRCLE,BANKING CIRCLE,370201",Gandhidham,8810267259,,INVALID NUMBER 
63,C JIVRAM JOSHI AND SONS GUJ,ROHAN JOSHI ,"OFFICE NO 1,2,& 7,MANJU TOWER,PLOT NO 296, WARD 12/B,NEAR OLD COURT,370201",Gandhidham,9313028879,https://cjivram.com,NOT A CHA  
64,C N MEHTA & ASSOCIATES,SUSANTA SAMAL ,"OFFICE NO.17, 2ND FLOOR,,NAKDANG KRUPA COMPLEX,,PLOT NO.78, GIDC, OPP. TATA MOTORS SHOW ROOM, NEAR RANGOLI GATE,,ADANI PORT, MUNDRA,370421",Mundra,7873149460,,NOT ANSWERING 
65,C P LOGISTICS,VISHAL  PANCHAL ,"1415,SUTHARWADAS POLE,ASTODIA,AHMEDABAD,380001",Ahmedabad,9925404747,,CALL DISCONNECTED 
66,CA LOGISTICS PRIVATE LIMITED,HARSHIL VITHLANI ,"OFFICE NO 406,SKY LARK BUILDING,PLOT NO 63 SECTOR 11,CBD BELAPUR NAVI MUMBAI,400614",Navi Mumbai,9892706600,http://www.chakiat.co.in,CALL DISCONNECTED 
67,CARE CONTAINER LINES PVT LTD,AJAY KUMAR ,"OFFICE NO 16 336/343,GANDHIDHAM,WARD NO 12/B,KACHCHH,370201",Gandhidham,9331424913,,DETAILS SEND ON WP 
68,CARGO CARE,PARSON ENGIMECH ,"B-67,GROUND FLOOR,VISHWAKARMA COLONY,M.B. ROAD,NEW DELHI,110044",Delhi,9909103332,,INFORM INFORMATION 
69,CARGO CHANNELS PRIVATE LIMITED,YOGENDRASINH RANA ,"OFFICE NO. 20,1ST FLOOR, PLOT NO.102, CORPORATE PARK, SECTOR 8,GANDHI DHAM KACHCHHESS,GANDHI DHAM KACHCHHESS,370201",Gandhidham,9727330334,http://www.cargochannels.com,IMPORTERS MAKE BY THEMSELVES 
70,CARGO CLEARING AGENCY (GUJ),NOBY VARGHESE ,"D-7,SHAKTI NAGAR,OFF. TAGORE ROAD,GANDHIDHAM, KUTCH,370201",Gandhidham,9825225207,,NOT ANSWERING 
71,CARGO CONCEPTS BOMBAY PVT LTD,CARGO CONCEPT ,"OFFICE NO 11 - 12 GROUND FLOOR,SADGURU EMPIRE,ADANI PORT ROAD , VILLAGE DHRUB,TALUKA MUNDRA KUTCH,370421",Mundra,9324292907,,NOT ANSWERING 
72,CARGO MOVERS,YOGESH MEHTA ,"B.B.Z-S-32/A,CARGO HOUSE,,MAIN MARKET,GANDHIDHAM,370201",Gandhidham,9825225205,,BEEP TUNE   
73,CARGO NAVIGATION SERVICES PVT LTD,SANJAY RANA ,"335/2 DAYA COMPLEX,1ST FLOOR,NH-8,RANGPURI,110037",Gandhidham,9891014467,,NOT ANSWERING 
74,CARGO SEATRADE,ARVIND KACHHOT ,"13, NEELAM COMPLEX, SECOND FLOOR,PLOT NO. 298, WARD 12/B,GANDHIDHAM,GANDHIDHAM,370201",Gandhidham,9099063395,,NOT ANSWERING 
75,CARGOTRANS MARITIME AGENCIES PRIVATE LIMITED,MALKHAN SINGH SHEKHAWAT ,"SHYAM PARAGON,2ND FLOOR, DBZ- SOUTH/61A,NEAR ROTARY BHAVAN, GANDHIDHAM,KUTCH- 370201, GUJARAT.,370201",Gandhidham,9825210677,,BUSY 
76,CEVA LOGISTICS INDIA PVT LTD,VINAYAN M ,"902/ 903,THE QUBE, 9TH FLOOR, A WING,,M V ROAD, MAROL,,ANDHERI (EAST), MUMBAI, INDIA,400059",Mumbai,9846057510,http://www.cevalogistics.com,HE IS ALREADY TIE-UP WITH ANOTHER 
77,CHAKS CONSULTANT,SHUBHENDU CHAKRABORATY ,"OFFICE NO. 108, PLOT NO 93,,SECTOR NO. 8,,GANDHIDHAM,KACHCHH, GUJARAT,370201",Ahmedabad,9687003008,,BUSY 
78,CHINTAMANI CARGO LOGISTICS SOLUTIONS PVT LTD,DATTATRAY PAUL ,"ROOM NO 102. 1ST FLOOR,ANKRIKSH APARTMENT,NEAR SABARI HOTEL,BAROI ROAD KUTCH GUJARAT,370421",Mundra,9821126787,http://www.chintamanilogistics.com,NOT ANSWERING 
79,CHINUBHAI KALIDAS AND BROS,PIYUSH DAMANI ,"2ND FLOOR, KULKARNI PATIL BHAVAN,OPP. NEW EMPIRE CINEMA,MARZBAN ROAD,FORT MUMBAI,400001",Mumbai,9909010257,http://ckb-india.com/,HE HAS ITS OWN CONSULTANCY 
80,CLASSIC CLEARING & FORWARDING PVT LTD,SUNNY SALIAN ,"B 507, PRANIK CHAMBER,5TH FLOOR, SAKI VIHAR ROAD,SAKINAKA JUNCTION,ANDHERI(E) MUMBAI,400072",Andheri,9820326010,,BUSY 
81,CLEARFAST AIR CARGO AGENCIES PRIVATE LIMITED,YATIN GOSWAMI ,"OFFICE NO. 106, 1ST FLOOR,,BUILDING NO.A, NIRMAAN BY SHUBHAM,,MUNDRA PORT ROAD, NEAR YASH ENTRPRISE,NANA KAPAYA, MUNDRA,370421",Mundra,9819892798,,BUSY 
82,COMET CLEARING AGENCY,GIRISH SHAH ,"303,ABHIRAJ COMPLEX,SWASTIK SOCIETY,NAVRANGPURA,380009",Mundra,9825016416,,NOT ANSWERING / DND 
83,CONTINENTAL SHIPPING SERVICES,SATISH MAHESHWARI ,"OFFICE NO 17,,GHANSHYAM COMPLEX,,NEW ADANI PORT ROAD,,MUNDRA-KUTCH,370421",Mundra,9913038991,,NO REQUIREMENT 
84,CONTRANS SHIPPING PVT LTD,KAMAL VERMA ,"II FLOOR,252 F,EAST OF KAILASH,SANT NAGAR NEW DELHI,110065",New Delhi,9899804627,,NOT INTERESTED 
85,CREDENCE SHIPPING,SAMMER DUBEY ,"PLOT NO 254,GOLDEN CITY,MEGHPAR BORICHI, ANJAR,S NO 88/1,370110",Anjar,8460665595,,BUSY ON ANOTHER CALL 
86,CRM LOGISTICS PVT LTD,RAJ KUMAR SINGH ,"MOTIWALA COMPLEX,NR NADIWALA NAKA,MUNDRA,KACHCHH, GUJARAT,370421",Gujarat,9978217574,,9310466589 - NO REQUIREMENT 
87,CSB LOGISTICS,CHARAN RAIKWAR ,"SURVEY NO-159 P-29,PLOT NO-1 OFFICE NO-7,FIRST FLOOR ARBUDA ARCADE OPP.,VILLAGE DHURB AWI REFINERY MPSEZ ROAD KUTCH,370421",Mumbai,9818083543,https://csblogistics.in/,NO REQUIREMENT 
88,D & J SHIPPING SERVICES,PRAKASH DANICHA,"227 2ND FLOOR MANALI TOWER,PLOT NO 110 SECTOR NO 8,GANDHIDHAM,KUTCH GUJARAT,370201",Gandhidham,9898773877,http://www.dnjshippingservices.com,NO REQUIREMENT 
89,D L SHIPPING SERVICES,INDER BHOJWANI ,"1,,DEEPAK COMPLEX,PLOT NO. 315,WARD 12/B,370201",Mundra,9825228047,,CALLBACK 
90,DAKSH SHIPPING AND LOGISTICS,JITU BHAWNANI ,"OFFICE NO. 201,VARUNISHA CROSSWAY,PLOT NO 589 WARD 12C,GANDHIDHAM,370201",Gandhidham,9924361730,http://dakshshippingservices.com,BUSY 
91,DAKSH SHIPPING SERVICES PVT LTD,FAIZ DAKSH ,"316, PLOT NO 589,VARUNISHA CROSSWAY,,WARD 12C/C , GANDHIDHAM,KUTCH - GUJARAT,370201",Gandhidham,9638478692,http://www.dakshshippingservices.com/,NOT ANSWERING 
92,DAMANI SHIPPING PVT LTD,DAMANI SHIPPING ,"205-206,2ND FLOOR,VARMA CHAMBERS,11 HOMJI STREET, FORT,MUMBAI,400001",Mumbai,9099072013,http:/www.bchaa.com,NO REQUIREMENT 
93,DAMANISHIPPING PVT LTD,DAMANI SHIPPING ,"205-206, 2ND FLOOR,VARMA CHAMBERS,11 HOMJI STREET, FORT,MUMBAI,400001",Mumbai,9099072013,http://www.damanishipping.com,NO REQUIREMENT 
94,DAMJI KHIMJI AND SONS,KUSH PALAN ,"FIRST FLOOR,STALL NO. 30,MAIN BAZAAR,GANDHIDHAM,370201",Gandhidham,9724857570,,NOT ANSWERING 
95,DARABSHAW B CURSETJEES SONS GUJARAT PVT LTD,SURENDER SHARMA ,"302,PORT USER BUILDING,ADANI PORT ROAD,MUNDRA PORT,370421",Mundra,8155990000,,30 TH NOV CALLBACK 
96,DEEPAM SHIPPING AGENCIES,TARUN SETHI ,"NIMIDATA PLOT NO.110,OPP IFFCO WARD , 10/BC ,,TAGORE ROAD,GANDHIDHAM,370201",Gandhidham,9825225050,,NOT INTERESTED 
97,DELUXE SHIPPING AGENCY PVT. LTD.,NAVEEN AGARWAL ,"DELUXE HOUSE,182,MODI STREET,FORT,400001",Mumbai,9322258278,,NO REQUIREMENT 
98,DFX LOGISTICS,SARITA SHARMA ,"12/21,EAST PATEL NAGAR,NEW DELHI,NEW DELHI,110008",Delhi,9899694441,,NOT ANSWERING 
99,DHE SHIPPING SERVICES,SANJAY TIWARI ,"1005,SAKAAR 3,OPP OLD HIGH COURT,NEAR INCOME TAX CIRCLE,380009",Ahmedabad,9824064766,https://www.dhegroup.in/,NOT ANSWERING 
100,DIVINE SHIPPING SERVICES,DIVINE KISHORE ,"PLOT NO.261 OFFICE NO.1,RADHASWAMI KRUPA BUILDING,GANDHIDHAM KUTCH,GUJARAT,370201",Gandhidham,9978023780,,CALL DISCONNECTED 
101,DIVNA LOGISTICS INDIA PVT LTD,DALPAT DIVYARAJ  ,"OFFICE NO 114,,FIRST FLOOR, SUNSHINE ARCADE 2,NEAR NR BROTHERS,GANDHIDHAM,370201",Gandhidham,9925956099,,CALL NOT CONNECTED 
102,DIVYA SHIPPING AND CLEARING SERVICES PVT LTD,KRISHAN KHILNANI ,"A-501,DIPTI CLASSIC,SUREN ROAD,NR L&T HEALTH CENTRE,ANDHERI EAST ,MUMBAI,400093",Mumbai,9909939295,www.divyashipping.com,IMPORTERS MAKE BY THEMSELVES 
103,DIVYAM SHIPPING PVT LTD,BIMLESH  SHAHANI ,"OFFICE NO 210,2ND FLOOR NIRAV CHAMBER ASSOCIATION,ABOVE BANK OF BARODA,SECTOR 9 PLOT NO 13,GANDHIDHAM,370201",Gandhidham,9879607880,,INVALID NUMBER 
104,DJS LOGISTICS PRIVATE LIMITED,NA,"OFFICE NO.15,TG TERMINALS PVT LTD,BHARAT CFS ZONE-1 ADANI PORT &,SEZ LTD,MUNDRA KUTCH,370421",Mundra,9841030609,,ALREADY CALL 
105,DOLPHIN LOGISTICS INDIA,DOLPHIN LOGISTICS ,"PLOT NO.23-24/A,NAVODAYA,SURVEY NO.215 KALAPURNA ASHISH SOCIETY BAROI RAOD,MUNDRA KUTCHH,GUJARAT,370421",Mundra,9825232903,http://www.dolphinlogisticsindia.com,SEND MAIL 
106,DOLPHIN LOGISTICS INDIA,DOLPHIN LOGISTICS ,"PLOT NO.23-24/A,NAVODAYA,SURVEY NO.215 KALAPURNA ASHISH SOCIETY BAROI RAOD,MUNDRA KUTCHH,GUJARAT,370421",Mundra,9825232903,http://www.dolphinlogisticsindia.com,SEND MAIL 
107,DSR LOGISTICS,S.K.NAIR / ,"203, DHIRAJ CHAMBER,BEHIND GANDHIDHAM MUNICIPALITY,PLOT NO. 36, SECTOR 9,GANDHIDHAM,370201",Gandhidham,9825226890,,NO REQUIREMENT 
108,DSV COLOAD & CLEARANCE PVT LTD,PANKAJ PARMAR ,"8TH FLOOR, OFFICE NO. A/6, & UNIT NO. A2,,SAFAL PROFITAIRE, PRAHLALADNAGAR,CORPORATE ROAD,SATELITE AHMEDABAD,380051",Ahmedabad,9537257671,http://www.dsv.com,BUSY ON ANOTHER CALL 
109,DYNAMIC SHIPPING AND LOGISTIC,SNEHAL PATEL ,"3028,CENTRAL BAZAAR,VARACHHA ROAD,OPP. VARACHHA POLICE STATION, MINI BAZAR, VARACHHA,395006",Surat,7567366308,,BUSY 
110,EAST WEST FREIGHT CARRIERS LTD,MOHAMMED REHAN SHAIKH ,"61 / B,SHREEKABIR BUNGLOW,HINGLAJ-2,OPP ST. XAVIOUS SCHOOL,370421",Mundra,9820542267,https://www.ewfcpl.com,NOT REQUIRED 
111,EIFFEL LOGISTICS PVT LTD,UMESH  N,"OFFICE NO 02, 02ND FLOOR,SHIV SHAKTI COMPLEX,PLOT NO 362 SEC 1A,GANDHIDHAM KUTCH GUJARAT,370201",Gandhidham,9824995999,,HE TOLD HE IS BUSY 
112,EKATA SHIPPING AGENCY,T JOHN ,"ROOM NO 10, 2ND FLOOR,183,PERIN NARIMAN STREET,FORT, MUMBAI,400001",Mumbai,9821030403,,NOT ANSWERING 
113,EMIRATES LOGISTICS INDIA PVT LTD,ANANT PANDIRKAR ,"5TH FLR ANDHERI,KURLA ROAD ANDHERI E,OPP HOTEL VITS CORPORATE,MUMBAI,400059",Mumbai,9819909588,,NOT ANSWERING 
114,EPT EXIM SERVICES PRIVATE LIMITED,DARSHAN MASHROO ,"G 509,TITANIUM CITY CENTRE,100FT ANAND NAGAR ROAD,SATELLITE, AHMEDABAD,380015",Ahmedabad,9825021683,,BUSY ON ANOTHER CALL 
115,EVERFAST FREIGHT FORWARDERS PVT LTD,PRAFUL KHARATMAL ,"61,HINGLAJ 2,BAROI ROAD,HINGLAJ 2,370421",Kutch,8866174707,http://www.everfastfreight.com,NO REQUIREMENT 
116,EXIM TRANSTRADE INDIA PVT LTD,CHETAN ,"OFFICE NO 108, 1ST FLOOR,AMBICA ARCADE, P. NO: 300,WARD 12-B,GANDHIDHAM,370201",Gandhidham,9879562491,https://www.exim.ws/,NO REQUIREMENT 
117,EXPRESS CARGO MOVERS,SONU ,"1138/501/D,STREET NO 3,CHANDIGARH ROAD,LUDHIANA,141015",Ludhiana,9780038094,,BUSY 
118,EXPRESS CARGO MOVERS GANDHIDHAM,BIKRAM ,"OFFICE NO. 17/18,SONALI PARK WARD-12B,PLOT NO. 317,GANDHIDHAM,370201",Gandhidham,9723823903,,WP SEND 
119,EXPRESS GLOBAL LOGISTICS PVT LTD,DHARMENDRA RANA ,"KULKARNI PATIL BHAVAN,2ND FLOOR, 14 MURZBAN ROAD,MURZBAN ROAD, FORT,FORT, MUMBAI,400001",Mumbai,9825190731,http://www.expressworld.com,NO REQUIREMENT 
120,FAIRDEAL SERVICES,NA,"407,,CREST CORNER,,TOWN HALL ROAD,,JAMNAGAR,361001",Gandhidham,99795392929,,INVALID NUMBER 
121,FAST AND FAIR SHIPPING AND LOGISTICS,KUNAL H ,"SECOND FLOOR, RK HOUSE,PLOT NO 320 SECTOR 1-A,GANDHIDHAM,GANDHIDHAM,370201",Gandhidham,7567445454,,CALL DISCONNECTED
122,FAST TRACK INTERNATIONAL,MANOJ TAHILIANI ,"OFFICE NO 205,2ND FLOOR , NIRAV CHAMBER ASSOCIATION PLOT NO 13 SECTOR 9 GANDHIDHAM,NIRAV CHAMBER ASSOCIATION,BANKING CIRCLE,GANDHIDHAM,370205",Gandhidham,9033274867,,BUSY 
123,FLYJAC LOGISTICS PVT LTD,VASANT KENIYA ,"OFFICE NO.10 ,FIRST FLOOR,,NEMNATH COMPLEX, D WING,,ABOVE CANARA BANK,NEW MUNDRA,370421",Mundra,9662043776,https://www.flyjaclogistics.com/about_us/index.html,NOT ANSWERING 
124,FOURSTAR ENTEPRISES,NA,"196/198, NEW BHAGWAN BHUVAN,NEW BHAGWAN BHUVAN,SAMUEL STREET,MASJID BUNDER,400009",Mumbai,9004386969,,ALREADY CALL 
125,FOURSTAR WORLDWIDE SERVICES PRIVATE LIMITED,CHETAN CHAUHAN ,"OFFICE NO.13, 2ND FLOOR,SAURASHTRA CFS ADMIN BUILDING,,BHARAT CFS ZONE-1,MUNDRA-370421,370421",Mundra,9967414614,,BUSY ON ANOTHER CALL 
126,FREIGHT LINK LOGISTICS,DEEPAK SINGH ,"OFF NO 08 SECOND FLOOR,OJAS COMPLEX PLOT NO 69,NH 8A,GANDHIDHAM,370201",Gandhidham,7600008569,,NOT ANSWERING 
127,G S INFRAPORT PRIVATE LIMITED,RAKESH ,"PLOT NO 100, SECTOR-1/A,,BEHIND HERO SHOWROOM GANDHIDHAM -,370201, GUJARAT, INDIA,370201, GUJARAT, INDIA,370201",Gandhidham,9979442222,,29-30TH NOV CALLBACK 
128,GANESHAM CARGO CARRIERS,RAJENDRA SHARMA ,"OFFICE NO.8, 2ND FLOOR,GOLDEN POINT BUILDING,TAGORE ROAD,,GANDHIDHAM,370201",Gandhidham,9725209770,,WP SEND / SEND MAIL - SAGARSHIP.GIMB@GMAIL.COM
129,GANGABEN DEVSHI SHIPPING PVT LTD,VIJAY DAGHA ,"S NO.376, PLOT NO.59& 60 , NR, NARAYAN NAGAR, KERA,S NO.376, PLOT NO.59& 60 , NR, NARAYAN NAGAR, KERA,MUNDRA BHUJ ROAD,KERA,370430",Mundra,9821063146,,NOT REQUIRED 
130,GEETA SHIPPING AND CLEARING SERVICES PVT LTD,GEETA SHIPPING ,"303,,SARTHI COMPLEX, 3RD FLOOR,,OPP. NUTAN BHARAT CLUB,,ALKAPURI, VADODARA,390005",Vadodara,9099056511,https://www.geetagroup.com/,ALREADY CALL / NOT ANSWERING 
131,GLOBAL CARGO FORWARDERS,RAJENDRA JADEJA ,"2ND FLOOR,KANCHAN COMPLEX -II,PLOT NO. 281, SECTOR 1/,A OPP. MAMLADAR OFFICE GANDHIDHAM,370201",Gandhidham,9099062305,http:/www.pridel.com,CALL DISCONNECTED 
132,GLOBAL MARINE AGENCIES,SANJAY GANDHI ,"03,GLOBAL MARINE AGENCIES,TAGOR ROAD,PLOT NO. 140, WARD 7/C,370201",Gandhidham,9824080851,,HE DON`T HELP TO ISSUE EPR 
133,GLOBAL OCEAN CLEARING PVT LTD,AVINASH BANSAL ,"OFFICE NO. 23, CORPORATE PARK,,1ST FLOOR, PLOT NO. 102, SECTOR8,,OPP. BLUE CLUB,GANDHIDHAM (KUTCH),370201",Gandhidham,9924130816,,NO REQUIREMENT 
134,GNXT LOGISTICS PVT LTD,HIREN RAY ,"B/20,SHREE PRAMUKH HRADAY CO. HOS. SOC.,PADRA ROAD,NEAR SANDESRA ESTATE,390012",Vadodara,7016748068,,CALL NOT CONNECTED 
135,GOSWAMI LOGISTICS AND FORWARDING,DND DND ,"R. NO. 20, 4TH FLOOR,,SHARDA NIWAS,,KISAN NAGAR NO. 1,,MULUND CHECKNAKA,,400604",Mumbai,9773009510,,NOT ANSWERING 
136,GREEN CHANNEL CARGO CARE PVT LTD,AMIT  GAMOT ,"P 46, SECT-8,TRADER CENTER BUILDING,GANDHIDHAM,GANDHIDHAM,370201",Gandhidham,9978005008,,NO REQUIREMENT 
137,GTN LOGISTICS,JEEVAN JAGATH ,"1ST FLOOR,,DBZ-S-132,GANDHIDHAM,,GANDHIDHAM, KUTCH GUJARAT,370201",Gandhidham,9033026541,,NO REQUUIREMENT 
138,GURU PRAKASH ENTERPRISE,AHEMADABAD CUSTOM ,"T-5. , SECTOR-1 , PLOT NO 77,MANGALDEEP SOCIETY,OSLO SOCIETY,OSLO,370201",Surat,9825297339,,NOT ANSWERING 
139,H MANGALDAS AND COMPANY,PARAG SANGHAVI ,"SUIT NO.2,,GARDEN BANGLOW,CHURCH PAKHADI STREET NO. 1,SAHAR VILLAGE, ANDHERI EAST,400099",Mumbai,9820313570,,NOT ANSWERING 
140,HAH INTL SHIPPING PVT LTD,ANIL MAMGAI.HAH,"PLOT NO. 18,KHASRA NO. 439, NEAR SAI MANDIR,,BEHIND IGI AIRPORT,SHAHBAAD MOHAMMAD PUR,110061",Delhi,9650103048,http://www.hahshipping.com,NOT REQUIRED 
141,HARENDRA M KARIA,HARENDRA KARIA ,"1ST FLOOR,HARENDRA M KARIA,PLOT NO.59 SECTOR 1/A,BEHIND MUNCIPAL MARKET GANDHIDHAM KUTCH,370201",Gandhidham,9825228171,,BUSY     
142,HARSH JAYANT LAPSIA,HARSH LAPSIA ,"1801 8TH FLOOR,BALAJI GARDEN CHS LTD,BEHIND INDIAN GYMKHANA,MATUNGA MUMBAI,400019",Mumbai,9819030311,,CALL DISCONNECTED 
143,HEM CLEARING AGENCY,PIYUSH PANDYA ,"210, 2ND FLOOR,,RATNAKALA ARCADE,,OPP. SHUBHAM PETROL PUMP, ADANI PORT ROAD,,MUNDRA,370421",Mundra,9825228807,http://www.hemclearing.com,ALREADY CALL 
144,HEMJYOT AGENCY,PRAMOD SONETA ,"FLAT NO 9,NEELKANTH ASHISH,BHAKTI MARG, MULUND (W),MUMBAI MAHARASHTRA,400080",Mumbai,9825226825,,NO REQUIREMENT - INFO@HEMJYOT.COM 
145,HIND CLEARING & FORWARDING SERVICES,V K PANDEY ,"A-122,3RD FLOOR,SECTOR-8 DWARKA,SOUTH-WEST DISTT.,110077",Delhi,9654991108,,NOT ANSWERING 
146,I M LOGISTICS,JITENDRA MITTAL ,"NU 3-B, B-149,,APNA NAGAR,GANDHIDHAM,KACHCHH GUJARAT,370201",Gandhidham,9322332502,,CALL DISCONNECTED 
147,IMPEX CLEARING SERVICES PVT LTD,IMPEX CLEARING ,"304,SHAM TOWER,R N T MARG,INDORE,452001",Indore,9827230222,,CALL DISCONNECTED 
148,IMPEX LINKERS,LUCKESH GUPTA ,"B-177,,DDA SHED,OKHLA INDUSTRIAL AREA, PHASE 1,NEW DELHI,110020",Delhi,9810027589,,CALL DISCONNECTED 
149,IMPORT AND ALLIED SERVICES,PAWAN KUMAR JAISWAL ,"4/76 WEA,,KRISHNA MARKET,KAROL BAGH,CENTRAL DELHI,110005",Delhi,9821518692,,NOT ANSWERING 
150,IMPRESSIVE CARGO LOGISTICS,ABHIJIT BASU ,"15 BOMPAS ROAD 3RD FLOOR,15 BOMPAS ROAD 3RD FLOOR,15 BOMPAS ROAD 3RD FLOOR,LAKE MARKET KOLKATA,70000029",,8372091064,,NO REQUIREMENT 
151,INEXT LOGISTICS,KULDEEP KUMAR ,"FLAT NO. 106,SUYASH PLAZA APPARTMENT,BAROI ROAD,MUNDRA DISTRICT-KUTCH GUJARAT,370421",,7226998622,,NOT A CHA  
152,INSYNERGY SUPPLY CHAIN SOLUTIONS PVT LTD,K DUBEY ,"PLOT NO. 105,3 LAXMI RESIDENCY,OPP. BHARAT PETROL PUMP,SHAKTI NAGAR ROAD - MUNDRA,370421",,9726202500,http://www.insynergyindia.com/,CALL DISCONNECTED 
153,INTER GLOBE LOGISTICS,VINAY ,"L42/353 IST FLOOR,NEAR KPS SCHOOL,MAHIPALPUR EXTEN,NEW DELHI,110037",,9540153595,,29TH NOV CALLBACK 
154,INTERNATIONAL FREIGHT SYSTEMS CO PVT LTD,SHAM SIR FLOMIC ,"101/102,SPAN LAND MARK,145 ANDHERI KURLA ROAD,ANDHERI EAST MUMBAI,400093",,9819623068,,NOT ANSWERING 
155,INTERPORT GLOBAL LOGISTICS PVT LTD,CHALAPATI RAO ,"901A & 902,,VIKAS CENTRE,,DR. C. G. ROAD, OPP. BOMBAY PRESIDENCY GOLF CLUB,,CHEMBUR EAST MUMBAI,400074",,9374783891,http://www.interportglobal.com,NOT ANSWERING 
156,IOCC SHIPPING PVT LTD,PRASHANT KELA ,"DBZ - S - 132,HARDIP SHIPPING LOGISTICS P LTD,NR MAIN MARKET,GANDHIDHAM,370201",,9825013792,,NO REQUIREMENT 
157,IQ SUPPLY CHAIN SERVICES OPC PVT LTD,SURYA SINGH / THEY GOT E-WASTE IN 18K +18% GST ,"UNIT NO 206 IIND FLOOR BLOCK F6 F7,VISHWAKARMA COLONY,PULPEHLADPUR M B ROAD,NEW DELHI,110044",,9818319464,https:/iqshipping.com,WECARE@IQSHIPPING.COM 
158,IRC SUPPLY CHAIN SOLUTIONS LTD,SHRUTI M  ,"8,SHRADDHA COMPLEX,NEAR: HDFC BANK,,ZERO POINT,370421",,7359770000,,CALL NOT CONNECTED 
159,ISHWAR LOGISTICS PVT LTD,RAJIV CHHIBBER ,"APEX SQUARE, PLOT NO.11,POCKET B-3 , SECTOR 17,NEAR SECTOR 17 POLICE STATION,DWARKA, NEW DELHI,110075",,9312141361,,BUSY ON ANOTHER CALL 
160,JAI AMBE LOGISTICS,NIRAJ GIRDHANI ,"SHIV HOUSE, 1ST FLOOR,P.NO.340,,SECTOR-1A, NEAR SHAH HOSPITAL,,GAYATRI TEMPLE ROAD,SECTOR 1A, GANDHIDHAM-KUTCH,370201",,9099693995,,SEND MAIL / NIRAJGIRDHANI00@GMAIL.COM 
161,JAI SHIPPING LOGISTICS CORPORATION,SANTOSH TIWARI ,"20501,20A 501 REGENCY ESTATE KALYAN SHIL ROAD,KALYAN SHIL ROAD,DOMBIVLI,421203",,9821890729,,CALL DISCONNECTED 
162,JASVANT B SHAH,SAMIR SHAH ,"GROUND FLOOR,AMBICA CHAMBER,B/H OLD HIGH COURT,NAVRANGPURA,380009",,9824090732,http://www.jasvantbshah.in,BUSY / NOT AVAILABLE 
163,JAYANT & COMPANY,DEEPAK ,"OFFICE NO. 5,,2ND FLOOR,MICT CFS,MUNDRA,370421",,6359900380,,SWITCH OFF
164,JAYSHREE SHIPPING AGENCY,ARUN JAY ,"HARSH PLAZA ROOM 326,BHUJ MUNDRA HIGHWAY,NANAKAPAYA, MUNDRA,KUTCH GUJARAT,370415",,9825118448,HThttp://WWW.JAYSHREESHIPPING.IN,NO REQUIREMENT 
165,JBSL OVERSEAS,KISHORE KENIYA ,"102,HORIZON BUILDING,ADANI PORT ROAD,MUNDRA,370421",,9726828143,,BUSY 
166,JDM CARGO PLANNERS PVT LTD,NA,"OFFICE NO,21,34,SHARDHA COMPLEX,ZERO POINT,HDFC BANK MUNDRA,370421",,783887050,,INVALID NUMBER 
167,JEENA & COMPANY,RAKESH GANVEER ,"PLOT NO 170,JEENA HOUSE,,PLOT NO. 170, OM NAGAR, OFF. PIPELINE ROAD,,ANDHERI (EAST), MUMBAI -,400099",,9879220587,http://www.jeena.com,NO REQUIREMENT 
168,JET CARGO MOVERS,KIRAN BHANUSHALI ,"106, SKYLINE EPITOME,1ST FLOOR, OPP FATIMA SCHOOL,KIROL ROAD,VIDYA VIHAR WEST, MUMBAI,400086",,9820003064,,NO REQUIREMENT 
169,JMC LOGISTICS SERVICES,VIJAY MISHRA ,"BXXIX, 212/1/7K, ST NO 5,,LAXMAN NAGAR,33 FUTA ROAD, GIAS PURA,LUDHIANA,141001",,9914318701,http://www.jmclogistics.com,NO REQUIREMENT 
170,JTM ENTERPRISES,ATUL MEHTA ,"610 6TH FLOOR,TOPIWALA CENTER,OFF S.V. ROAD OPP STATION,GOREGAON WEST MUMBAI,400104",,9820001990,http://www.jtm.global,BUSY 
171,JZN LOGISTICS,MAULIK BHAGAT ,"OM GURU SHAKTI, PLOT NO. 48/8,,SECTOR 1, BEHIND MODERN SCHOOL,,OSLO SOCIETY,,NR. OSLO CIRCLE, GANDHIDHAM,370201",,7303733333,,DND 
172,K S CHHAYA CONSOLIDATORS PRIVATE LIMITED,KANVA CHHAYA ,"OFFICE NO 116, FF,GOKUL PARK,PLOT NO 356, WARD 12B,GANDHIDHAM,370201",,9879868202,,NOT ANSWERING 
173,KASHISH IMPEX,MAHESH BHATT ,"ROOM NO.108,TEJABHAI TOWER, 1ST FLOOR,PLOT NO.8, SECTOR-9,GANDHIDHAM,370201",,9825814078,,HE WILL CALLBACK 
174,KASHISH SHIPPING,KAPIL  SACHADE KASHISH ,"OFFICE NO 6,RIDDHI SIDDHI ARCADE -3,PLOT NO 120,SECTOR 8, GANDHIDHAM,370201",,9824218666,http://www.kashishshipping.com,NOT INTERESTED 
175,KASHYAP SHIPPING PVT LTD,RAJEEV KASHYAP ,"OFFICE NO.214-15,RISHABH CORNER,TAGORE ROAD,PLOT NO.93-SECTOR-8 GANDHIDHAM,370201",,9825225227,,NOT ANSWERING 
176,KAUSHALI INTERNATIONAL,NILAY CHOKSHI ,"102,HONEYCOMB CFS BUILDING,1ST FLOOR, AT I.O.C.L. LINK ROAD,BHARAT CFS ZONE, MUNDRA - KUTCH,370421",,9925138916,,BUSY ON ANOTHER CALL 
177,KAYAN LOGISTICS,RUSHABH GALA ,"3RDFLOOR 304,ZEE SQUARE BLDG MG ROAD,OPP BANK OF BARODA,VILE PARLE EAST,400057",,9833025924,,NOT A CHA  
178,KEWLA SHIPPING PRIVATE LIMITED,GIRISH CHANDRA SHUKLA ,"310/1 ,3RD FLOOR,ADMINISTRATIVE BUILDING,ICD TUGHLAKABAD,NEW DELHI,110020",,9910346873,http://www.kewlashipping.com,DETAILS SEND ON WP 
179,KHIMJI POONJA GLOBAL LOGISTICS,TUSHAR DHAMANI ,"108-109.1ST FLOOR,GOLDEN PLAZA,NEAR RELIANCE SUPER MARKET,PLOT.308.WARD NO 12-B,370201",,9082243702,,RETIRED 
180,KM LOGI INC,KUNAL MALIK ,"32/12, SECOND FLOOR,,EAST PATEL NAGAR,PATEL NAGAR,NEW DELHI,110008",,9999415119,HTTP://WWW.KMLOGI.COM,NOT ANSWERING 
181,KODIAK CONTAINER LINES PVT LTD,RAVI ,"PLOT NO. 56-61/45,SATYAM SOCIETY,VILLAGE BORAI,TALUKA MUNDRA,370421",,9998651791,,NOT ANSWERING 
182,KRISHNA SHIPPING & ALLIED SERVICES,PANKAJ THAKKER ,"53-54/A,,TANKAR ASSOCIATION BUILDING,TRANSPORT NAGAR,NATIONAL HIGHWAY, GANDHIDHAM,370201",,9099025228,http://www.krishnashippingkdl.com,SWITCH OFF 
183,KSR FREIGHT FORWARDERS,MOHANKUMAR CHANDRA SHEKHAR ,"48/38, WAVOO MANSION,,6TH FLOOR ANNEX,RAJAJI SALAI PARRYS,CHENNAI,600001",,9663097999,http://www.ksrindia.net,BUSY 
184,KUBERR INDIA EXIM LLP,KUMAARPAL  DOSHI ,"302, 3RD FLOOR,K.P.AURUM,MAROL MAROSHI ROAD,MAROL NAKA, ANDHERI (EAST),,400059",,9821352099,,BUSY 
185,KVSBRITE LOGISTICS PVT LTD,VIRAJ SHAH ,"A-30 ,,2 FLOOR, NAND DHAM INDUSTRIAL ESTATE,MAROL MAROSHO ROAD,ANDHERI EAST,,400059",,9004663640,https://www.brightshipping.com:2096/,BUSY 
186,LARA EXIMP PVT LTD,SABHU SAAB ,"OFFICE NO. 220, 2ND FLOOR,,GOKUL PARK, PLOT NO. 356,WARD 12/B,,GANDHIDHAM,370201",,9426214521,,NO REQUIREMENT 
187,LEAAP INTERNATIONAL PRIVATE LIMITED,BIRACHI ,"OLD NO.06/NEW NO. 11 SRINIVASA NAGAR,THE DREAM,MAYOR SATHYAMOORTHY ROAD,CHETPET-CHENNAI,600028",,9879572016,http://www.leaap.com,NOT REQUIRED
188,LEO FORWARDERZ,YUVRAJSINH ZALA ,"PLOT NO. 445, 1ST FLOOR, SECTOR NO. 1A,,NR. ANDHRA BANK,OSLO CIRCLE,GANDHIDHAM,370201",,8469977899,http://www.dwinan.com,ASK FOR WHICH SERVICE PROVIDE 
189,LEXICON FREIGHT INTERNATIONAL PRIVATE LIMITED,KELVIN SRIVASATAVA ,"2ND FLOOR, PLOT NO.:179A,LEXICON HOUSE,SECTOR 1A,NEAR ASHADEEP EYE HOSPITAL,370201",,8141473840,https://www.lexicon-group.co.in,BUSY ON ANOTHER CALL 
190,LILADHAR PASOO FORWARDERS PVT LTD,KAILASH SHARMA ,"OFFICE NO: 108,C/O HONEYCOMB CFS,BHARAT CFS ZONE, IOCL LINK ROAD,MUNDRA,370421",,9825224160,http://www.liladharpasoo.com,NO REQUIREMENT 
191,LOGIMETRICS LOGISTIX LLP,VAIBHAV MANEPATIL ,"SHOP NO 8 SADGURU EMPIRE 2,PLOT NO 2 REVENUE SURVEY NO 54/1/1/2,NEAR RASHAPIR CIRCLE VILLAGE DHRUB,TAL MUNDRA KUTCH GUJARAT,370415",,9967215432,,NO REQUIREMENT 
192,LOGISTIC LINKAGE INDIA PVT LTD,VIPIN LORDKRISHNA ,"1ST FLOOR, FLAT NO-109,PLOT NO-4, LSC NATIONAL ARCADE,,GHAZIPUR MAIN ROAD,NEW DELHI, DELHI,110096",,9811159247,http://www.logisticlinkagegroup.com,BUSY 
193,LOTUS INTEGRATED LOGISTICS PRIVATE LIMITED,VISHAL SINGH ,"OFFICE NO. 208, 2ND FLOOR,,MARUTI CORNER-II,,RASHAPIR CIRCLE,DHRUB VILLAGE,370421",,9173717587,,DND 
194,LUCKY CLEARING AGENCY,CHETAN MEHTA ,"ICON COMMERCIAL PLOT NO.327,,WARD NO.12/B,,TAGORE ROAD,GANDHIDHAM, KACHCHH,370201",,9821163954,,9867672174 - DURGESH 
195,LUVKUSH SHIPPING SERVICES,LKSS,"T.C.X NORTH NO:49, MAIN MARKET GANDHIDHAM. KUTCH. GUJARAT,T.C.X NORTH NO:49, MAIN MARKET GANDHIDHAM. KUTCH. GUJARAT,MAIN MARKET GANDHIDHAM,MAIN MARKET GANDHIDHAM,370201",,7874777779,,NOT ANSWERING 
196,M A FAROOK & COMPANY,AKKI SHAH ,"1ST FLOOR, OFFICE NO. 107,,NIRAV CHAMBERS,,PLOT NO. 13, SECTOR NO. 9,,GANDHIDHAM, KACHCHH, GUJARAT,,370205",,9726888883,,CALL DISCONNECTED 
197,M R SHIPPING PVT LTD,CHETAN TANNA ,"UNIT NO-505, 5TH FLLOR,NEPTUNE UPTOWN,N S ROAD MULUND WEST,NEAR POST OFFICE,400080",,9978987211,HTTP://WWW.MRSHIPPING.COM,NOT ANSWERING / SHE WILL CALLBACK 
198,MAA OM BUSINESS ENTERPRISES PVT LTD,SHAILESH GORI ,"512 B,SWASTIK DISHA CORPORATE PARK,GHATKOPAR WEST,,MUMBAI,400086",,9820092261,http://www.maaom.com,NOT A CHA  
199,MACRO CUSTOMS CONSULTANTS LLP,BINDESH PATEL ,"OFFICE NO. 107, FIRST FLOOR,,PLOT NO. 16, SECTOR 9/A,BLUE ROSE ARCADE,GANDHIDHAM KUTCH,370201",,9925749494,,BUSY 
200,MADHAV WORKLAND,PANKAJ  GOYAL ,"WARD 12B ,,OFFICE NO 7,PLOT NO 331 & 332,GANDHIDHAM KUTCH,370201",,9426215402,,INFO@ASHAPURAGROUP.COM / INFO@AHANEXIM.COM 
201,MAHALASA INFOTECH,MAHALASA INFOTECH ,"427,SHRIKANT CHAMBER,V N PURAV MARG,CHEMBUR. MUMBAI,400071",,9664441042,https://www.mahalasa.co.in/,CALL DISCONNECTED 
202,MAHAVIR SHIPPING AGENCY,SAMIR DAND ,"OFFICE 215 PLOT NO 80 2ND FLOOR,NILESH PARK,SECTOR 8,GANDHIDHAM KUTCH,370203",,9819193743,http://mahavirshipping.in/,NOT ANSWERING 
203,MAHAVIR SHIPPING SERVICE,NARESH MANGHWANI ,"216 VARUNISHA CROSSWAL,,PLOT NO. 589,,NR. POLICE STATION CHAR RASTA,WARD 12/C, GANDHIDHAM,370201",,9925163050,http://mahavirshipping.com/,NOT ANSWERING 
204,MAHENDRA N THACKER,HITEN THACKER ,"BAROIWALA GATE,NR. ST STAND,BUNDER ROAD,MUNDRA,370421",,6351221130,,CALL DISCONNECTED 
205,MAN LOGISTICS (INDIA) PVT LTD,SATISH CHANDRA ,"OFFICE NO. 207, 2ND FLOOR,TRIVENI ARCADE, RANGOLI,ADANI PORT ROAD,MUNDRA, KUCHCHH, GUJARAT,370421",,8141907921,https://www.manlogistics.in,BUSY 
206,MANPREET WALIA,BHUMEET SINGH ,"1081,URBAN ESTATE,PHASE-II,JALANDHAR,144005",,08566074646,,DETAILS SEND ON WP 
207,MASTERS LOGISTICS SOLUTIONS,MANISHA SACHAN ,"P.NO-367/A, APNA NAGAR,GANDHIDHAM,KACHCHH,GUJARAT,370201",,9810994554,,CALL DISCONNECTED 
208,MAT SHIPPING,MRITUNJAY DASGUPTA ,"OFFICE NO.110, FIRST FLOOR,PLOT NO. 327, WARD 12/B,,ICON BUILDING,TAGORE ROAD,,GANDHIDHAM,370201",,9727736123,,BUSY 
209,MATHURADAS NARANDAS & SONS FORWARDERS PRIVATE LIMITED,VISHAL SHIPPTRAN ,"A1,SHIV GANGA APARTMENT,ZAVER ROAD,MULUND WEST MUMBAI,400080",,8401111655,,NOT ANSWERING 
210,MAX SHIPPING SERVICES,ANISH UZZAMAN ,"D-6, NEAR ICD,BASNI 2ND PHASE,MIA,JODHPUR,342005",,9825016828,,NO REQUIREMENT 
211,MEENU RATHORE,AVINASH SONKAR ,"OFFICE 1 & 2 2ND FLOOR,AASTHA COPLEX,NEAR KIDZEE SCHOOL SINDHUBAG ROAD,GURUKUAL,370201",,7574861175,https://www.eandegroups.in/,NO REQUIREMENT 
212,MEHTA BROTHERS FREIGHT FORWARDERS PVT LTD,KARAN MEHTA ,"FFICE: 8, FIRST FLOOR, KESAR ARCADE,PLOT NO. 51,,SECTOR 8,,GANDHIDHA,370201",,9833379825,,NOT INTERESTED 
213,MERIDIAN FREIGHT FORWARDERS PVT LTD,AKSHAY SHETTY ,"PLOT 50, SECTOR 8,MERIDIAN HOUSE,BM PUMP ROAD,GANDHIDHAM,370201",,8866666693,,NOT ANSWERING 
214,MILAK WAREHOUSE,VIVEK MALIK ,"MY-1,.,MARSHALLING YARD,KANDLA SPECIAL ECONOMIC ZONE,370230",,9824095027,http://www.themilaks.com,NOT RESPONDING 
215,MIRAH SHIPPING SERVICES,TARAK LAHERI ,"GROUND FLOOR, ROOM NO-1,MAYASHAKAR, J.VORA BUILDING,,TILAK ROAD,MULUND,400081",,9773615176,,BUSY 
216,MIT CLEARING AND FORWARDING AGENCY,BHAVESH BHAIYAJI ,"IN ASTHA HOSPITAL LANE, BLOCK NO. 104/4,BACK SIDE, AMBE ASHISH, AGRA ROAD,,MULUND WEST,,MUMBAI,400082",,9773779196,,BUSY 
217,MRS SHIPPING LLP,RAJIV SAFAYA,"117, FIRST FLOOR,,MADHAV PALACE, SECTOR 8,,PLOT NO. 55, GANDHIDHAM,,KACHCHH, GUJARAT, 370201,370201",,8980015415,,NOT AVAILABLE 
218,MS AMIT BHADURI,ARUMUGAM ,"OFFICE NO 205, SECOND FLOOR,INFINITY BUILDING,PLOT NO 329 WARD NO 12/B,GANDHIDHAM, KUTCH,370201",,8980001974,,NOT ANSWERING                    
219,MSK SHIPPING & LOGISTICS PVT LTD,RAJESH KHIMANI ,"UNIIT NO 405 4TH FLOOR,ELLORA FIESTA PLOT NO 8,SECTOR 11 SANPADA NAVI MUMBAI,MUMBAI,400705",,8980394334,,BUSY                
220,MUKESH GROVER,MUKESH GROVER ,"58,MOMAY PARK,VILL. BAROI,MUNDRA,370421",,9810288175,,BUSY 
221,N G JOSHI CLEARING AND FORWARDING PVT LTD,HIREN MAHESHWARI ,"OFFICE NO.203, 2ND FLOOR,PLOT NO.212, KIRAN COMPLEX,WARD -12 B GANDHIDHAM,KUTCH,370201",,9909579688,https://dsklogistics.in,CALL DISCONNECTED 
222,N K IMPEX AND LOGISTIC PVT LTD,RONAK BHADRA ,"ROON NO 40 2ND FLOOR,113 SARSAWATI SADAN,KESHVAJI NAIK ROAD,CHINCH BUNDER MASJID,400009",,9833547762,,NOT ANSWERING 
223,N S INTERNATIONAL,SUKANT PRADHAN ,"OFFICE NO 15 RAJ LAXMI PLACE,RAJ LAXMI PLACE,BAROI ROAD MUNDRA,NR ADANI GUEST HOUSE,370421",,8141659668,,BUSY 
224,NARENDRA FORWARDERS PVT LTD,CHETAN THAKKAR ,"1502/B-2, UNIVERSAL MAJESTIC,,BEHIND RBK INTERNATIONAL ACADEMY,,P. L. LOKHANDE MARG, CHEMBUR (WEST),,MUMBAI,400 043",,9825226224,http://www.nfguj.com,BUSY 
225,NATIONWIDE SHIPPING SERVICES LTD,MUSTAK ,"17, BAHUBALI BUILDING,,CP STREET,,FORT,,MUMBAI,400001",,9909669822,,NO REQUIREMENT 
226,NAVBHARAT CONSOLIDATION PRIVATE LIMITED,PRASHANT  DWIVEDI ,"117,SADGURU EMPIRE 2 PLOT NO 2,REVENUE SUEVEY NO 54/1/1/2 NEAR RASHAPIR CIRCLE VILLAGE DHRUB,TAL. MUNDRA KUTCH GUJRAT,370415",,9920055327,https://navbharat.com,NOT ANSWERING 
227,NAVIGATOR EXIM SERVICES,KAMLESH SINGH ,"SECON FLOOR 207,SHAAN COMPLEX NR SAKAR 4,ASHRAM ROAD,OPP TOWNHALL ELLISHBRIDGE,380009",,9662533161,,BUSY 
228,NEELKANTH LOGISTICS,SACHIN MANGE ,"PLOT NO 80/B, WARD-9/AF,,ODHAVRAM SOCIETY,,GANDHIDHAM,DIST KUTCH,370240",,9920800894,,SEND MAIL 
229,NEELKANTH SHIPPING,SHRISTY THAKUR ,"SF6 P-15,SECTOR - 9,GANDHIDHAM,KACHCHH GUJARAT,370201",,9879587082,,NO REQUIREMENT 
230,NEW LINK OVERSEAS,RAKESH MAHESHWARI ,"204, SECOND FLOOR,RIDDHI SHIDDHI ARCADE II,PLOT NO 40,SECTOR 8,370201",,8758717717,,CALLBACK AT 4:30PM 
231,NG PILLAI,NARESH KUMAR ROHELLA ,"L-9,SUNDER SINGH BUILDING,MAIN MAHIPALPUR VASANT KUNJ,MAHIPALPUR,110037",,7069391056,https://www.ngpillai.com/,CALLBACK 
232,NIDHI SHIPPING PVT LTD,DHIREN RAJDE ,"PLOT NO-14,SECTOR NO -8,B/H BM PETRO PUMP,GANDHIDHAM,370201",,9825215129,,NOT ANSWERING 
233,NIMAYA LOGISTICS,K D BHATIA ,"G-1, TORANA APPARTMENT,,P&T QUARTERS, SAHAR VILLAGE ROAD,ANDHERI (EAST),ANDHERI,400099",,9714022200,,DOES NOT EXIST / INVALID
234,NIPPON EXPRESS INDIA PVT LTD,ABHISHEKH SHARMA ,"OFFICE NO.8,PD PLAZA,TAGOR ROAD,NEAR BSNL OFFICE,370201",,9099962144,http://www.nipponexpress.com,NOT INTERESTED 
235,NIYATI SHIPPING,DIPESH KHONA ,"16A,MAHAVIR NAGAR,JAIN SOCIETY ANTARJAL ADIPUR,GANDHIDHAM KUTCH,370205",,919067770276,,BUSY ON ANOTHER CALL 
236,NYSA SHIPPING,HIMANSHU PATEL ,"147, 148, 176,CHINUBHAI TOWER,NEAR HK COLLEGE, ASHRAM ROAD,NEHRU BRIDGE,380009",,9426309878,,NOT INTERESTED 
237,O K CARGO CRAFT PVT LTD,SUNIL JOISER ,"OFFICE NO 22,GOLDEN ARCADE,ZERO POINTS ADANI PORT ROAD,MUNDRA,370421",,7069160044,,NO REQUIREMENT 
238,OCEAN TRANSWORLD CLEARING PRIVATE LIMITED,G R ,"B-503,,SILVER ASTRA,J.B. NAGAR, ABOVE GREATER BOMBAY BANK,ANDHERI EAST, MUMBAI,400099",,9664401144,http://www.oceantransworld.com,NOT REQUIRED 
239,OM FREIGHT FORWARDERS PVT LTD,JITEN NISAR ,"707-713,CORPORATE CENTRE, NIRMAL LIFESTYLE, LBS MARG,MULUND-WEST, MUMBAI CITY, MAHARASHTRA, 400080,MULUND-WEST, MUMBAI CITY, MAHARASHTRA, 400080,400080",,9820847864,,NOT ANSWERING 
240,OM LOGISTICS SERVICES,VISHAL SHIPPTRAN ,"SHOP NO.07.. SHAZ 121.. WARD2A,SHAZ 121,WARD 2A,ADIPUR, KACHCHH GUJARAT,370205",,8401111655,,ALREADY CALL /NOT ANSWERING 
241,OM NAMAH SHIVAY LOGISTICS INTERNATIONAL PRIVATE LIMITED,SAROJKUMAR DUBEY ,"3RD FLOOR, OFFICE NO.33 ,, DER DEUTSCHE, PARKZ MOUJE,,,SUBHASH NAGAR ROAD, NEXT TO CLASSIC MARBLE,NEAR CEAT TYRE, OPP NAHUR RAILWAY STATION,BHANDUP WEST MUMBAI CITY, MAHARASHTRA,400078",,9820273081,,BUSY 
242,OMKAR SHIPPING,NILESH SHIAL ,"BEHIND CUSTOM OFFICE,BUNDER ROAD,BUNDER ROAD,PORBANDAR,370575",,9825267333,,EXPORT 
243,ON DOT EXPRESS,NA,"B-504, 5TH FLOOR,ANSAL CHAMBER 1,BHIKAJI CAMA PLACE,NEW DELHI,110066",,9810020102,,NOT ANSWERING 
244,ORCHID LOGISTICS PVT LTD,BHUSHAN TANEJA ,"PLOT NO. 38-44/89 SADGURU SMART CITY,VILLAGE KAPAYA,TA MUNDRA,DISTRICT KACHCHH,370405",,9811282704,,CALL DISCONNECTED 
245,ORIENT ALLWAYS,SANTOSH TANHANKAR ,"BEHIND ASHAPURA RESTAURANT,,PLOT NO. 82, G.I.D.C., APL ROAD,,DHRUB,,MUNDRA,370421",,7506689919,,NOT ANSWERING 
246,ORIENTAL TRADELINKS,SURESH YADAV ,"PLOT NO 241, 2ND FLOOR,OFFICE NO 4, GAJJAR CHAMBER,WARD 12/B,,GANDHIDHAM, KACHCHH,,370201",,919825225686,,NO REQUIREMENT 
247,OSR FORWARDERS,VIAHAL YADAV ,"PLOT NO.51/52/53,AMBIKA NAGAR,BAROI ROAD,MUNDRA,370421",,9810008295,,BUSY 
248,P S ATREE AND COMPANY PVT LTD,CHINTAN ,"OFFICE NO-19,SECOND FLOOR,,ADMIN BUILDING, TG TERMINALS CFS,,SECTOR-11,NR.OLD PORT ROAD,BHARAT CFS ZONE-1,,AP & SEZ LTD, MUNDRA(KUTCH)GUJARAT,370421",,8980035696,,NO REQUIREMENT 
249,PANKAJ GOYAL & CO,PANKAJ GOYAL ,"PLOT NO. 386,,SECTOR - 1/A,MAMLATDAR LANE,GANDHIDHAM,370201",,9426215402,,CALL DISCONNECTED 
250,PARADISE CARGO SERVICES,VIKARN JAIN ,"FLAT NO 1.5.130,S LAMXI SOCIETY,BAROI ROAD,TALUKA MUNDRA,370421",,9978623280,,29/11/ CALLBACK 
251,PARAMOUNT AIR SEA CORPORATION,ATS MUMBAI ,"53/55,MODI STREET,DHANRAJ NIWAS,FORT MUMBAI,400001",,7506018788,,NO REQUIREMENT 
252,PARTHIV V DAVE,PARTHIV DAVE ,"403, FORTH FLOOR,UPNISHAD,NR. SHREYAS RAILWAY OVER BRIDGE,,ABOVE SHRADDHA MOTORS, AMBAWADI,380015",,9825135168,http://www.pshippingco.com,NOT ANSWERING 
253,PDS INTERNATIONAL PRIVATE LIMITED,MANU CHOPRA ,"DBZ-N-192,,FIRST PART FLOOR,CABIN NO.5,,GANDHIDHAM, GUJRAT,370210",,9810159915,http://www.pdsinternational.in,CALL DISCONNECTED 
254,PEARL SHIPPING PVT LTD,R K RUBIN ,"306, III FLOOR, KUNTAL BLDG,MODY ESTATE,,L.B.S. MARG, GHATKOPAR WEST,MUMBAI,400086",,9820023121,https://transconfreight.com,SWITCH OFF / NOT REACHABLE 
255,PEARL SHIPTRANS PRIVATE LIMITED,PAWANJEET ,"B-517,GOPAL PALACE OPP. OCEAN PARK,SATELLITE ROAD,SATELLITE ROAD,380015",,9825150231,http://www.pearlshipping.co.in,NO REQUIREMENT 
256,PENTA FREIGHT PVT LTD,BHAVESH PATEL ,"B 21 THE ADDRESS,WEST GATE BY TRUE VALUE,S.G.HIGHWAY , NR. YMCA CLUB,AHMEDABAD,380015",,8141349494,,NO REQUIREMENT 
257,PENTAGON SHIPPING SERVICE,JAYESH VORA ,"203, 1ST FLOOR,,CHANDRAMAULI, COMPLEX, NEAR OLD PETROL PUMP,,BAROI ROAD,,MUNDRA, KUTCH,370421",,9979789999,,NOT ANSWERING 
258,PI LOGISTICS INDIA PVT LTD,NIRAJ GIRDHANI ,"OFFICE NO 115,GOLDEN ARCADE,ZERO POINT,ZERO POINT,370421",,9099693995,,BUSY ON ANOTHER CALL 
259,PIONEER,HIREN ACCURACY ,"OFFICE NO. 4,2ND FLOOR,MICT CFS,MUNDRA,370405",,9726547777,,BUSY ON ANOTHER CALL 
260,POLAR SHIPPING SERVICES,SARALA PANDIAN ,"3/79, D BLOCK, I FLOOR,NITHYANAND SAGAR APARTMENTS,MADHAVARAM HIGH ROAD,PERAMBUR,600011",,9940074045,,BUSY ON ANOTHER CALL 
261,PP DATTA WG CDR RETD,AMIT SONARA ,"OFFICE NO. 04, GROUND FLOOR , SADGURU PLAZA, WING-C,,ADANI NEW BYPASS ROAD, NEAR BY SHANTIVAN COLONY,,BEHIND SHANTINATH MAHADEV, NANA KAPAYA,MUNDRA, KUTCH, GUJARAT- INDIA,370421",,9909917735,,BUSY 
262,PRAFUL LOGISTICS PVT LTD,NA,"21,1ST FLOOR,JOHARI PALACE,51M. G. ROAD INDORE,JOHARI PALACE,452001",,9879520905,,NA
263,PRAGYA IMPEX,NA,"A-27, KIRTI NAGAR,OPP. KAMAL & CO.,KIRTI NAGAR,TONK ROAD,302015",,9829093606,,NA
264,PRAKASH FREIGHT MOVERS LIMITED,NA,"PLOT NO. 96A, IIIRD FLOOR, POCKET. 10,SECTOR. 13, DWARKA.,NEAR RADISSON HOTEL, DWARKA,NEW DELHI,110075",,9810189746,https://pfmlindia.com/,NA
265,PREM KUMAR SINGH,NA,"OFFICE NO. 210, 211, 2ND FLOOR,WARD 12/C, PLOT NO.589,VARONISHA CROSSWAY,GANDHIDHAM , GUJARAT,370201",,9925163249,,NA
266,PREMIER CLEARING AGENCY PVT LTD,NA,"FF02,PLOT NO.317,SONALI PARK,WARD 12B,OPP.IDBI BANK,GANDHIDHAM,370201",,9979886895,http://www.premierclg.com/index.html,NA
267,PREMJI KANJI MASANI PRIVATE LIMITED,NA,"8,ABHISEKH COMPLEX,S T ROAD NEAR UNION BANK,VERAVAL,362265",,7623094700,https://www.pkm-co.in,NA
268,PRIME FORWARDERS,NA,"PLOT NO. 9 AND 10,PRIME FORWARDERS,SECTOR 2, NEAR LIONS CLUB,GANDHIDHAM,370201",,9825225240,http://www.primeforwarders.com,NA
269,PS BEDI AND COMPANY PVT LTD,NA,"D-14/1,OKHLA INDUSTRIAL AREA,PHASE-1,NEW DELHI,110020",,919714452760,http://www.psbedi.com,NA
270,PURSHOTAM CHATRABHUJ THACKAR,NA,"4, KOMAL COMPLEX,,1ST FLOOR, PLOT NO. 305,,WARD-12B,,GANDHIDHAM,370201",,9879364323,,NA
271,PURSHOTAMDAS JERAMDAS & CO,NA,"PLOT NO.323, SECTOR 1/A, GANDHIHDAM,PLOT NO.323, SECTOR 1/A, GANDHIHDAM,PLOT NO.323, SECTOR 1/A, GANDHIHDAM,PLOT NO.323, SECTOR 1/A, GANDHIHDAM,370201",,9824225898,,NA
272,PUSHPANJALI LOGISTICS,NA,"OFFICE NO. 4&5,MANI COMPLEX,,PLOT NO. 84,SECTOR NO. 8, GANDHIDHAM,370201",,9913486876,,NA
273,R D SHIPPING AND FORWARDING PVT LTD,NA,"OFFICE 513,THE CORPORATE CENTRE,LBS ROAD,MULUND WEST MUMBAI,400080",,9820118817,,NA
274,R E ROGERS INDIA PVT LTD,NA,"H-12 RAMDEV NAGAR,MUNDRA BAROI ROAD,OLD PETROL PUMP KUTCH,KUTCH,370421",,7977355140,,NA
275,R K KAYANI SHIPPING SERVICES PRIVATE LIMITED,NA,"2/254/255/256,KAYANI DELLI,,JAKHAV ABADASA,,KUTCH,370655",,9820020027,,NA
276,R N FREIGHT FORWARDERS PVT LTD,NA,"A-905, 9TH FLOOR,,SHELTON SAPPHIRE,,PLOT NO. : 18 & 19, SECTOR 15,,CBD BELAPUR, NAVI MUMBAI,400614",,9867508555,,NA
277,R R LOGISTICS,NA,"OFFICE NO S-1, 2ND FLOOR,EMERALD HOUSE,PLOT NO 195, SECTOR-1 A,GANDHIDHAM KUTCH,370201",,9727591394,,NA
278,RADHIKA SHIPPING SERVICES,NA,"FIRST FLOOR, OFFICE NO.103,PLOT NO.302, SINDHU-2,,WARD NO. 12/B, GANDHIDHAM,GANDHIDHAM,370201",,7567758491,,NA
279,RAJ FREIGHT MOVERS,NA,"1986,RANI BAGH,RANI BAGH,DELHI,110034",,9312430470,,NA
280,RAJASTHAN CONTAINER SERVICES,NA,"216, 2ND FLOOR,,MADHAV PALACE,,OPP.GANDHIDHAM CHAMBER OF COMMERCE,PLOT NO. 55 SECTOR-8,370201",,9879549123,,NA
281,RAJEE SHIPPING AND CLEARING AGENCY,NA,"15- B,SADGURU SMART CITY,VILLAGE- NANA KAPAYA, TALUKA-MUNDRA,DISTRCT- KACHCHH, GUJARAT,370415",,9320435329,,NA
282,RAJSONS SHIPPING AGENCY,NA,"21 BAGESHREE TOWNSHIP 7,LS NO ,469/5 VILLAGE,VARSHAMEDI TALUKA,ANJAR DISTRICT KACHCHH GUJRAT,370110",,9322275304,http://rajsonsshipping.com,NA
283,RASHMI SHIPPING AGENCY,NA,"OFFICE NO 3,BUILDING NO 6,LBS MARG,BHANDUP WEST,400078",,9322260970,,NA
284,RCC LIMITED,NA,"PLOT NO. 109,RAJVI HOUSE, SECTOR - 8,GANDHIDHAM,KUCHCHH,370201",,9979898716,http://www.rcclimited.in,NA
285,RDA GLOBAL LOGISTICS(I)PVT LTD,NA,"B 72-73,B 72-73 ROHIT HOUSE OFF NO 303 MB RD,MB ROAD,VISHWAKARMA COLONY,110044",,9810411706,,NA
286,REAL LOGISTICS SHIPPING AGENCIES,NA,"31, MOMAI PARK,,BAROI ROAD,,MUNDRA,KUTCH,370421",,9638218805,,NA
287,RG CARGO SERVICES PVT LTD,NA,"1ST FLOOR, 14/2, INFOTECH CENTER,OLD GURGAON DELHI ROAD,UDYOG VIHAR, GURGAON,GURGAON,122016",,9909122231,,NA
288,RG INTERNATIONAL,NA,"213,PLOT NO. 356, WARD 12-B,GOKUL PARK BUILDING,NEAR AXIS BANK,GANDHIDHAM, KUTCH,370201",,9887400002,,NA
289,RIBHUS GLOBAL PVT LTD,NA,"SHRI RAVI RADAL KRUPA,PUNITNAGAR-2,,STREET NO-6,,NR. JAMNAGAR RAOD, RAJKOT,360006",,9978530159,,NA
290,RIBHUS INTERNATIONAL PVT LTD,NA,"B-108 ALAP CENTURY,NR. PUSHKAR DHAM SOCIETY,KALAWAD ROAD,RAJKOT,360005",,9099900737,,NA
291,RIGHT SHIP AGENCY,NA,"OFFICE NO. 201,2ND FLOOR,SUNSHINE ARCADE II,PLOT NO. 37, SECTOR - 8, GANDHIDHAM -,370201",,9979775552,,NA
292,RIHITA CARGO FORWARDERS PRIVATE LIMITED,NA,"419/1/2 TANK PAKHADI,VICTOR MAXI COMPOUND,SAHAR VILLAGE,ANDHERI - E,400099",,8000016000,http://www.rihitacargo.com,NA
293,RISHI INTERNATIONAL LOGISTICS,NA,"SECOND FLOOR,PLOT NO 320, R K HOUSE,SECTOR 1A,GANDHIDHAM,370201",,9714888204,,NA
294,RISHI KIRAN LOGISTICS PVT LTD,NA,"KIRAN HOUSE,PLOT NO. 8, SECTOR 8,OPP. POST OFFICE,GANDHIDHAM,370201",,9727800000,http://www.thekirangroup.com,NA
295,RISHI KIRAN ROADLINES,NA,"PLOT NO. 08,KIRAN HOUSE,SECTOR 08,GANDHIDHAM,370201",,9825225892,,NA
296,RKJ LOGISTTICS PVT LTD,NA,"PLOT NO:51/52/53, AMBIKA NAGAR,BAROI, MUNDRA,BAROI,AMBIKA NAGAR,370421",,9818085169,,NA
297,ROYAL LOGISTICS,NA,"75-77/F,-,KALAPURNA ASHISH,BAROI,370421",,9829023941,,NA
298,RUDRA SHIPPING SERVICES,NA,"2ND FLOOR OFFICE NO 2,GOYAL COMMERCIAL CENTRE,PLOT NO 259,WARD 12 B GANDHIDHAM,370201",,9979160316,,NA
299,RUDRA SHIPPING SERVICES LLP,NA,"102, BHAVANI COMPLEX,,PLOT NO 67/68/68A, SECTOR 19A,VASHI,NAVIMUMBAI,400705",,9833426764,,NA
300,RUDRAKSH SHIPPING,NA,"D.B.Z.-S-189, FIRST FLOOR,AGARWAL HOUSE,,OPP. SHIVAJI PARK,,GANDHIDHAM, KUTCH,370201",,9825236461,,NA
301,S K AGENCY,NA,"105,DESAI CHEMBERS,MODI STREET,FORT MUMBAI,40001",,9819900551,http://sk-agency.com/,NA
302,S M ENTERPRISE,NA,"ROOM NO - 01,AMBICA NAGAR,AMBICA NAGAR,MUNDRA,370421",,9825431254,,NA
303,S RAMDAS PRAGJI FORWARDERS PRIVATE LIMITED,NA,"PLOT NO 44-45,GIDC,GIDC,MUNDRA KUTCH,370421",,9879525721,,NA
304,SAANCH LOGISTICS,NA,"OFFICE NO 206,GOLDEN HEIGHTS PLOT NO 12,TAGORE ROAD SECTOR 8,BEHIND BM PETROL PUMP,370201",,9727591024,,NA
305,SAARTHEE SHIPPING CO,NA,"OFFICE NO. 1, 2ND FLOOR,,SHAH AVENUE- , PLOT NO 211, WARD 12/B,GANDHIDHAM, KUTCH,GUJARAT,370201",,9978933400,,NA
306,SAARVIN CUSTOM CLEARANCE,NA,"OFFICE NO.5,AMRUTKRUPA BLD,JAWAHAR CHOWK,NEAR BUS DEPOT,370421",,9920843135,,NA
307,SADGURUINTERNATIONAL,NA,"604,,BALAJI BUSINESS PARK, NEAR TIME SQUARE,ANDHERI KURLA ROAD, MAROL,ANDHERI EAST,400059",,9892339864,,NA
308,SAGAR SHIPPING AGENCIES ( I ) PVT LTD,NA,"A-1 & 2,,VAIHAV C.H.S.,SAHAR PIPELINE ROAD,ANDHERI ( EAST ),400098",,9892147786,http://www.sagargroups.in,NA
309,SAI CLEARING AND FORWARDING AGENCY,NA,"OFFICE NO.14, 2ND FLOOR, COPORATE PARK,PLOT NO.102, SECTOR-08,,GANDHIDHAM,KUTCH,370201",,9925163373,,NA
310,SAIASTHA EXIM CARGO PRIVATE LIMITED,NA,"311/312 A WING CITY MALL PLOT NO 4,SECTOR 19, VASHI TURBHE MAIN ROAD,NAVI MUMBAI 400705,TURBHE,400705",,9821127830,,NA
311,SAMUDRA MARINE SERVICES PVT LTD,NA,"123-124,GOLDEN ARCADE,PLOT NO. 141-142, SECTOR 8,GANDHIDHAM,370201",,9825415394,http://www.samudra.co,NA
312,SANJEEV KUMAR JHA,NA,"F 14,MAIN ROAD,KALKAJI,NEW DELHI,110019",,9910999730,,NA
313,SAP GLOBAL LOGISTICS,NA,"PLOT NO 32 TO 35 SHREEJI NAGAR 1,BACK SIDE JK BROTHER SHOP,BAROI ROAD,MUNDRA,370421",,9879511685,http://www.sapgloballogistics.com,NA
314,SAR TRANSPORT SYSTEMS PVT LTD,NA,"208,SUNSHINE ARCADE,PLOT NO 59 SECTOR 8,TAGORE ROAD,GANDHIDHAM,370201",,9619610212,,NA
315,SATGURU CARGO MOVERS,NA,"H.NO. 1/9921,TOP FLOOR,STREET NO. 3H,WEST GORAKH PARK SHAHDARA DELHI,110032",,9873443104,,NA
316,SEA ASIA SHIPPING SERVICES LLP,NA,"KHASARA NO.24, BEHIND DIRT INDIA,PVT LTD,,KHAN PURA,,MANDIDEEP,462026",,9099079419,,NA
317,SEAPATH SHIPPING,NA,"OFFICE NO 204, SECOND FLOOR,,SUNSHINE ARCADE - II, PLOT NO 37,,SECTOR - 8,,GANDHIDHAM,370201",,9978446035,http://www.seapathshipping.com/,NA
318,SEASHELL LOGISTICS PRIVATE LIMITED,NA,"OFFICE NO 22, CORPORATE PARK,PLOT NO 102, TAGORE ROAD,,SECTOR-8, GANDHIDHAM,KITCHH,GUJRAT,370201",,8238064126,http://www.seashellgroup.in,NA
319,SEAWAYS CONTAINER LINE PRIVATE LIMITED,NA,"SHOP NO. 9,ASHAPURA, COMMERCIAL COMPLEX,GIDC, - ADANI PORT, MAIN ROAD,MUNDRA DISTRICT KUTCH,370421",,9904806664,,NA
320,SERVICE BUREAU LOGISTICS LLP,NA,"36-NH, WARD NO 9-AH,SHITAL NIWAS,SUBHASH NAGA,GANDHIDHAM, KACHCHH,,370201",,9638220640,,NA
321,SEVENSEAS GLOBAL EXPRESS LOGISTICS PVT LTD,NA,"OFF NO 205 2ND FLOOR PLOT NO 329, WARD12/B,INFINITY BUILDING,TAGORE ROAD,GANDHIDHAM,370201",,7574820321,http://www.sevenseasexpress.com,NA
322,SHAKTI CLEARING AGENCY,NA,"214-218,TRADE CENTRE,SECTOR 8 PLOT NO. 46,NEAR TIMBER BHAVAN,370201",,9879607572,,NA
323,SHAKTI FORWARDERS PVT LTD,NA,"PLOT NO 48/8,SEC-1 BEHIND MODERN SCHOOL,,OSLO SOCIETY,GANDHIDHAM,GANDHIDHAM,370201",,9825472216,http://www.shaktiforwarders.com,NA
324,SHANTI SHIPPING AGENCY PVT LTD,NA,"B 402 VASANT VIHAR BUILDING,VAISHALI NAGAR MULUND WEST,BALRAJESHWAR ROAD,MULUND MUMBAI,400080",,9821298398,http://shantishipping.in,NA
325,SHARMA ENTERPRISES,NA,"PLOT NO 94-98/I,KALAPURNA ASHISH,BAROI ROAD,MUNDRA KUTCH GUJARAT,370421",,919727755449,,NA
326,SHARON ENTERPRISES,NA,"M-12/13, 1ST FLOOR,KASHISH ARCADE, OPP. HOTEL CENTRE PALACE,MUNDRA PORT ROAD,ZERO POINT,370421",,8369242987,,NA
327,SHIKHAR LOGISTICS PVT LTD,NA,"FIRST FLOOR,106,NIRAV CHAMBER,ABVE DENA BANK,GANDHIDHAM, KUCHCHH,370201",,9825695221,,NA
328,SHIV SHIPPING CLEARING & FORWARDING,NA,"101 102 RAJKAMAL ARCADE,PLOT NO 353 WARD 12B,GANDHIDHAM,KUTCH,370201",,8469317365,,NA
329,SHIVAM CLEARING AGANCY (MUMBAI) PVT LTD,NA,"CBX-334,FIRST FLOOR,WARD NO.2/A,ADIPUR,ADIPUR,ADIPUR KACHCHH,370205",,9512022060,,NA
330,SHIVAM CLEARING AGANCY (MUMBAI) PVT LTD,NA,"CBX-334,FIRST FLOOR,WARD NO.2/A,ADIPUR,ADIPUR,ADIPUR KACHCHH,370205",,9512022060,,NA
331,SHIVAM SEATRANS PVT LTD,NA,"FIRST FLOOR, OFFICE NO C-103,KUTCH ARCADE-PLATINUM,MITHI ROHAR,GANDHIDHAM, KACHCHH,370201",,9825225515,,NA
332,SHIVJI KANJI AND CO,NA,"OFFICE NO. 63/64,GMA BUILDING,PLOT 297, WARD 12B,NR. OLD COURT, GANDHIDHAM,370201",,9375807256,http://www.shivjikanji.com,NA
333,SHOBHA SHIPPING SERVICES,NA,"PLOT NO B 223,SAPNA NAGAR,GANDHIDHAM,GANDHIDHAM,370201",,9712439926,,NA
334,SHREE AMBICA COMMERCIAL COMPANY,NA,"D-67,,MAIN BAZAR,,NR. CHAWLA CHOK,,GANDHIDHAM.,370201",,9825526322,,NA
335,SHREE JOGNI ENTERPRISE,NA,"OFFICE NO.3, GR. FLOOR, PLOT NO.102, SECTOR8,CORPORATE PARK,GANDHIDHAM,KACHCHH,370201",,9825297780,,NA
336,SHREE MALAN SHIPPING,NA,"BUNDER ROAD,NEAR MANDVI GMB PORT,PORT ROAD,MANDVI,370465",,9723172545,,NA
337,SHREE PARVATHY SHIPPING,NA,"OFFICE NO 322 SECOND FLOOR,FRIENDS SQUIRE BUILDING,TAGORE ROAD GANDHIDHAM,GANDHIDHAM,370201",,9664981709,,NA
338,SHREENATHJI INFRAPORT LLP,NA,"PLOT NO. 257,,TENAMENT NO. 5,,WARD 10A,,GANDHIDHAM,370201",,9726244167,,NA
339,SHRI BALAJI LOGISTICS,NA,"S-35/5,DLF PHASE 3,GURGAON,HARYANA,122002",,9311502525,,NA
340,SHRI DHARMRAJ SINGH,NA,"49,,ADITYA RESIDENCY,,THALTEJ-SHILAJ ROAD,,AHMEDABAD,380058",,9825222868,,NA
341,SHRI MARUTI SHIPPING SERVICE,NA,"16-21,,SWAMINARAYAN MANDIR BUILDING,NEAR JAY RESIDENCY,SECTOR 4,370201",,9879592750,,NA
342,SHRI SWAMI SAMARTH SHIPPING CO,NA,"F 206/207/208/209,ITC PARK , TOWER NO.2,,STATION COMPLEX BUILDING, CBD BELAPUR- NAVI MUMBAI,CBD BELAPUR,400614",,9833378214,,NA
343,SHRINATH SHIPPING AND LOGISTICS SOLUTION,NA,"OFFICE NO 207,,KASHISH ARCADE BUILDING,G A P L ROAD,ZERO POINT,370421",,9879610847,https://www.shrinathshipping.com/,NA
344,SHUBASREE LOGISTICS PTV LTD,NA,"338,,DC-5, BESIDE WATER TANK,ADIPUR,GANDHIDHAM,370201",,919790191993,,NA
345,SIDDHARTHA LOGISTICS CO PVT LTD,NA,"3RD FLOOR, UNIT NO. 303, STAR HUB, BUILDING NO. 1,,SAHAR VILLAGE, NEAR INTL AIRPORT,,LANDMARK HOTEL ITC MARATHA, ANDEHRI EAST,,MUMBAI CITY, MAHARASHTRA,,400099",,9879539861,,NA
346,SIDDHIVINAYAK GLOBALTRANS,NA,"NEAR S.T. STAND,BAROIWALA GATE,BUNDER ROAD,MUNDRA,370421",,9825512345,,NA
347,SILVERLINE CLEARING AND FORWARDING AGENCY,NA,"FLAT NO. C-304, PLOT NO. - 24,,THARWANI HERITAGE, NEAR THREE STAR HOTEL,KHARGHAR,SECTOR-07,,,KHARGHAR, RAIGAD, MAHARASHTRA,410210",,9664619020,,NA
348,SIMANDHAR EXIM,NA,"BUNGLOW NO:1,SURVEY NO:30/1,MADHAV RESIDENCY,,VILLAGE SHINAI,GANDHIDHAM,370205",,9820254346,,NA
349,SIYA CLEARING AND FORWARDING PVT LTD,NA,"421 , 4TH FLOOR,PLOT NO.49 , NAV VYAPAR BHAVAN,P DMELLO ROAD,MASJID BUNDER (EAST),400007",,9821558298,,NA
350,SKY SEA LOGISTICS,NA,"210, 2ND FLOOR,SKYLARK,PLOT NO 63, SECTOR 11,CBD BELAPUR,400614",,9867747975,,NA
351,SMARTLINK SHIPPING LLP,NA,"B222,BALAJI BHAVAN,PLOT NO 42A SECOTOR 11,CBD BELAPUR,400614",,9833434788,,NA
352,SMG ICB LOGISTICS,NA,"C-49 US VILLA,SWAMINARAYAN NAGAR,BAROI,MUNDRA,370421",,8490843301,,NA
353,SOHAM LOGISTICS PVT LTD,NA,"111, RATNAKALA ARCADE,,1ST FLOOR,,G.A.P.L. ROAD,MUNDRA - KUTCH,370421",,9879159477,http://www.sohamlogistics.com/,NA
354,SPACE FREIGHT LOGISTICS,NA,"OFFICE NO 7, FIRST FLOOR,,GALAXY RESIDENCY,,MUNDRA PORT ROAD,,KUTCH, GUJARAT,370421",,9638300435,,NA
355,SPEED IMPEX,NA,"R.NO. 134,OVERSEAS WAREHOUSING COMPLEX(OWPL)),C-205, PHASE-5,FOCAL POINT, LUDHIANA(PUNJAB),141010",,8567848000,,NA
356,SPIRE LOGISTICS INDIA PRIVATE LIMITED,NA,"HISSA NO 8, KAILASH ARCADE,OFFICE NO. 111, PLOT NO. 1, NA RS,NO. 53/1, IN AUM COMMERCIAL PARK, NEAR ZERO POIN,MUNDRA PORT ROAD,, VILLAGE DHARB, KACHCHH, GUJARAT, 370421,370421",,9899702390,http://www.spirelog.com,NA
357,SRI RADHAKRISHNA SHIPPING (P) LTD,NA,"40 GOA STREET,SRI RADHAKRISHNA SHIPPING P LTD,OFF SHAHID BHAGATSINGH ROAD,FORT,400001",,9167272786,,NA
358,SRI RAMA KRISHNA SHIPPING,NA,"PLOT NO-55 OFFICE NO 108 FIRST FLOOR,MADHAV PALACE,SECTOR 8,OPP D MART,370201",,9099062355,http://www.sriramakrishnashipping.com,NA
359,SRIRAM SEALINKS,NA,"OFFICE NO. 124, FIRST FLOOR,,MANALI TOWER,,PLOT NO.110, SECTOR 8, BH. OSLO CINEMA,,GANDHIDHAM,370201",,9662024909,http://www.sriramsealinks.com,NA
360,SRNK LOGISTICS PRIVATE LIMITED,NA,"PLOT NO 97, FLAT NO. 202,,SHRADDHA APARTMENT,SECTOR 7,GANDHIDHAM,370201",,8735047541,,NA
361,SRS CARGO INTERNATIONAL,NA,"OFF. NO. 1,KESAR ARCADE BUILDING,PLOT NO. 51,SECTOR 8, GANDHIDHAM,370201",,9909978850,,NA
362,SSS SAI FORWARDERS PVT LTD,NA,"A 305 CLASSIQUE CENTRE,26, MAHAL IND. EASTATE,,OFF MAHAKALI CAVES ROAD,,ANDHERI (E),400093",,9099079423,http://WWW.SSSSAISHIPPING.COM,NA
363,SSS SAI SHIPPING SERVICES PVT LTD,NA,"A 304, CLASSIQUE CENTRE,26 MAHAL IND. EASTATE,,OFF MAHAKALI CAVES ROAD,ANDHERI (E),400093",,9099079444,http://www.saishipping.com,NA
364,STAR SHIPPING,NA,"OFFICE NO 102 FF,SUDGURU EMPIRE,MUNDRA PORT ROAD,MUNDRA 370421,370421",,8469688877,,NA
365,SUNRICH LOGISTICS PVT LTD,NA,"ROOM NO. 111, GOLDEN ARCADE,,2ND FLOOR, NEAR ZERO POINT,,ADANI PORT ROAD, MUNDRA,,DIST: KUTCH, GUJARAT,370421",,9586858769,https://www.sunrichgroup.com/,NA
366,SUNRISE FREIGHT FORWARDERS PVT LTD,NA,"A-1023 SURYA BHAWAN,ROAD NO. 6,VILLAGE MAHIPALPUR,NEW DELHI,110037",,9978604602,,NA
367,SUNWAYLOGISTICS,NA,"1ST FLOOR NO-1,C PORTION MOOR STREET,PARRY,CHENNAI,600001",,8155872683,http://www.sunwaylogistics.com,NA
368,SWATI ENTERPRISES,NA,"E-132 B,VISHWAKARMA COLONY,M.B. ROAD,NEW DELHI,110044",,9818531052,,NA
369,SWAYAM SHIPPING SERVICES,NA,"OFFICE NO. 4, SEABIRD CFS, ADANI PORT ROAD, MUNDRA,,OFFICE NO. 4, SEABIRD CFS, ADANI PORT ROAD, MUNDRA,,OFFICE NO. 4, SEABIRD CFS, ADANI PORT ROAD, MUNDRA,,OFFICE NO. 4, SEABIRD CFS, ADANI PORT ROAD, MUNDRA,,370421",,9925766122,http:/www.swayamshipping.com,NA
370,SYENA LOGISTICS PRIVATE LIMITED,NA,"OFFICE NO 215, SECOND FLOOR,BLUEROSE BUILDING,GANDHIDHAM,GANDHIDHAM - KUTCH,370201",,9825383206,,NA
371,TAFFRAIL MARINE,NA,"204, 2ND FLOOR,,NIRAV CHAMBER,BANKING CIRCLE,ABOVE BANK OF BARODA,370201",,9825730057,,NA
372,TARUNN GUPTA,NA,"OFFICE NO. 123,SADGURU EMPIRE,ADANI PORT ROAD,MUNDRA (KACHCHH) GUJARAT,370421",,9978516554,,NA
373,TIGER LOGISTICS INDIA LIMITED,NA,"804A-807,SKYLARK BUILDING, 60,NEHRU PLACE,NEW DELHI,110019",,9377797238,http://www.tigerlogistics.in,NA
374,TMS LOGISTICS,NA,"SCF- 5, SECOND FLOOR,URBAN ESTATE,FOCAL POINT,OPP. FCI GODOWN, JAMALPUR,LUDHIANA,141010",,9316512900,,NA
375,TOTAL SHIPPING & LOGISTICS PVT LTD,NA,"47,VIRAJ IMPEX HOUSE,P D MELLO ROAD,MUMBAI,400007",,9825678420,HTTP://WWW.TOTALGROUP.IN,NA
376,TRADE GLOBE INTERNATIONAL,NA,"PLOT NO 110/5,SECTOR-2,SECTOR-2,SECTOR-2,370201",,9428401101,,NA
377,TRANSMARINE CORPORATION,NA,"OFFICE NO 01 & 02,LANDMARK CFS,NEAR ADANI PORT ROAD,MUNDRA,370422",,9879848189,http://www.transmarine.com,NA
378,TRIDENT SHIPPING & LOGISTICS,NA,"OFFICE NO.110,SADGURU EMPIRE,NR.RASHAPIR CIRCLE, DHRAB,MUNDRA,370421",,9726688937,,NA
379,TRIGON SYNERGIES PRIVATE LIMITED,NA,"705-706,CHIRANJIV TOWER 43,NEHRU PLACE,NERU PLACE,110017",,8802157568,http://www.trigonsynergies.in,NA
380,TRIKOM LOGISTICS,NA,"14/15,,GEETA SADAN,,NS ROAD,,MULUND WEST, MUMBAI,400080",,9820291941,http://www.trikomshipping.com,NA
381,TRINITY INTERNATIONAL FORWARDERS,NA,"B-16,INDRAPRASTH COMPLEX,,SHAKTI NAGAR,,ADANI PORT ROAD,,MUNDRA,370421",,9879136307,,NA
382,TRINITY SHIPPING AND ALLIED SERIVCES PVT LTD,NA,"PLOT NO. 46,SECTOR 1A,OPP, OLD COURT,GANDHIDHAM,370201",,9825227395,,NA
383,TULSIDAS KHIMJI PVT LTD,NA,"TULSIDAS KHIMJI PRIVATE LIMITED,TK HOUSE,SHRIKANT HARDKAR MARG,COTTON GREEN WEST,400033",,9594901116,,NA
384,TWO BIRDS EXPRESS,NA,"204,TRIVENI ARCADE,RANGOLI PARKING,MUNDRA,370421",,917574882122,,NA
385,UMERSHI MANSHI KHONA AND CO,NA,"1011 UNIVERSAL MAJESTIC,,BEHIND RBK INTERNATIONAL ACADEMY,OFF GHATKOPAR MANKHURD LINK ROAD,CHEMBUR MUMBAI,400088",,9819030311,http://www.umkhona.com,NA
386,UNIQUE SPEDITORER PVT LTD,NA,"UNIQUE HOUSE,P. NO. 126,SEC 1/A,GANDHIDHAM,370201",,9825023391,http://www.usplindia.com,NA
387,UNITED SAFEWAY INDIA PVT LTD,NA,"210-211,,RIDDHI SIDDHI ARCADE,,PLOT NO 13,,SECTOR 8, GANDHIDHAM,370201",,9925777771,http://www.unisafeway.com,NA
388,UNITRANS CARGO COMPANY,NA,"GUEST HOUSE ROOM NO: 117,BANSIDHAR,NEAR SONAL KRUPA, SHANTINAGAR,ADANI PORT ROAD, MUNDRA-KUTCH,370421",,9820888264,https://www.indiamart.com/unitrans-cargo/,NA
389,UNNATI CARGO,NA,"ROOM NO 39,PARTH SOCIETY,MARUTI NAGAR-II,MUNDRA,370421",,9909032902,http://www.bchaa.com,NA
390,UPS SCS INDIA PVT LTD,NA,"FIRST, COMPARTMENT NO. 10 / 11, PLOT NO.2,,BHAGWATI COMPOUND , MAROL CO-OPERATIVE INDUSTRIAL ESTATE,OFF M. V. ROAD, ANDHERI EAST, MUMBAI CITY, MAHARASHTRA, 400059,OFF M. V. ROAD, ANDHERI EAST, MUMBAI CITY, MAHARASHTRA, 400059,400059",,9909758779,http://www.ups.com,NA
391,V AND S SEAIR LOGISTICS PVT LTD,NA,"OFFICE NO.01, 1ST FLOOR,,MARUTI CORNER COMPLEX,,NEW ADANI PORT ROAD,,RASAPIR CIRCLE,,370421",,9825862735,,NA
392,V ARJOON,NA,"PLOT NO. 130,NARMADA,WARD 12/C,LILASHAH NAGAR,370199",,9925237882,http://WWW.VARJOON.COM,NA
393,V R LOGITICS,NA,"PLOT NO 153 SURVEY NO 193/2,MANGLESHWAR NAGAR,MEGHPAR,BORICHI ANJAR,370110",,9909954214,,NA
394,V V LOGISTICS,NA,"C K 65/434,BADI PEARI,KABIRCHAURA,BADI PEARI,221010",,9335737580,http://www.vvlogistics.com,NA
395,VALIANT LOGISTICS,NA,"OFFICE NO.06 (206),RAVI AVENU,ADANI PORT ROAD,SHAKTI NAGAR OPP 4WAY HOTEL,370421",,9898437299,http://WWW.VALIANT LOGISTICS.COM,NA
396,VANDAN FORWARDERS PRIVAT LIMITED,NA,"2NF FLOOR, 60,,GREAT SOCIAL BUILDING,SIR P M ROAD,MUMBAI,400001",,9974319805,http://www.vandanforwarders.com,NA
397,VANGUARD INFOTECH,NA,"TEST FLAT NO,TEST BUILDING,TEST ROAD,TEST ROAD,400086",,9833228425,,NA
398,VARMA AND SONS,NA,"C-1209,KAILAS BUSINESS PARK,,VEER SAVARKAR ROAD,PARK SITE,,VIKROLI (W), MUMBAI,400079",,9820290688,,NA
399,VASANT G SHAH,NA,"8 ,,ANUPAM APPARTMENT,SHAKTI SOCIETY,,NR. SHREYAS CROSSING,,PALDI, AHMEDABAD, GUJARAT,380007",,9825006269,,NA
400,VEEWIN LOGISTICS,NA,"OFFICE NO 114 1ST FLOOR,MADHAV PALACE,SECTOR 8,NEAR D MART,370201",,9998805888,,NA
401,VELJI P & SONS,NA,"DEEPAK COMPLEX, 2ND FLOOR, PLOT NO. 315,SECTOR 12-B,NEAR OLD COURT,GANDHIDHAM,370201",,9825226457,http://vps-india.co/,NA
402,VELJIDOSABHAI AND SONS PVT LTD,NA,"OFFICE NUMBER 203 AND 204,PUB BUILDING ADANI PORT ROAD,ADANI PORT AND SEZ,MUNDRA,370421",,9825243710,,NA
403,VENJOH LOGISTICS PRIVATE LIMITED,NA,"OFFICE NO- 203 & 204, 2ND FLOOR,,GOLDEN HEIGHTS,,PLOT NO: 12, SECTOR:8,,BEHIND BM PETROL PUMP,370201",,9824499106,http://www.wtlplgroup.com,NA
404,VENKATESH AGENCIES,NA,"R.NO115,SADGURU EMPIRE,ADANI PORT ROAD,NEAR RASAPIR CIRCLE,370421",,9712090969,,NA
405,VENUS CONTAINER LINE LOGISTICS PVT LTD,NA,"OFFICE NO.62, SHARDA COMPLEX,,NEAR HDFC BANK, ZERO POINT,VILLAGE: MUNDRA, TA.,MUNDRA KUTCH, GUJARAT,370421",,9311142427,http://venuslogistics.net/,NA
406,VENUS SEA-AIR SERVICES PRIVATE LIMITED,NA,"OFFICE NO: 210,,SECOND FLOOR,,PLOT NO: 57, SECTOR-8,,SILVER ARC,,370201",,9173933393,,NA
407,VIBGYOR MARITIME SERVICES,NA,"PLOT NO 365,NU 3 APNA NAGAR,APNA NAGAR,GANDHIDHAM,370201",,9825124070,,NA
408,VINAYAK CARGOES,NA,"OFFICE NO.108, II FLOOR,CWC CFS,BHARAT CFS ZONE 1,ADANI PORTS & SEZ MUNDRA,370421",,9757327741,http:www.vinayakcargoes.com,NA
409,VISHAL SHIPPING AGENCIES PVT LTD,NA,"FIRST FLOOR, UNIT 7,,WARD 7/B,NR. SINDHU BAUG,GANDHIDHAM,370201",,9979898784,,NA
410,VISHNU LOGISTICS,NA,"A2-15 MULUND,BHANU CHS,LBS MARG,MULUND WEST MUMBAI,400080",,9879661111,,NA
411,VOGUE LOGISTICS PRIVATE LIMITED,NA,"107 FIRST FLOOR,PLOT NO.55,SECTOR 8,MADHAV PLACE, OPP. D MART,GANDHIDHAM,370201",,8929192245,,NA
412,WATSON GLOBAL CARGO PVT LTD,NA,"WATSON GLOBAL CARGO PVT. LTD,OFFICE NO. 104, 1ST FLOOR,,PLOT NO. 84 MANI COMPLEX,,SECTOR -8 GANDHIDHAM-KUTCH,370201",,9913516940,,NA
413,WELGROW LINE NORTH I PVT LTD,NA,"DBZ-S-188A, 2ND FLOOR,KRISH AVENUE,ZHANDA CHOWK ROAD,GANDHIDHAM,370201",,9904807919,http://www.impexservicesindia.com,NA
414,WELL FREIGHT PVT LTD,NA,"406,MADHUBAN BUILDING 55,NEHRU PLACE,NEW DELHI,110019",,9818353928,http://wellfreight.in,NA
415,WESTWIND SHIPPING AND LOGISTICS PVT LTD,NA,"WESTWIND HOUSE, PLOT NO. 54,,SECTOR 2, BEHIND LIONS CLUB,,GANDHIDHAM-370 201,,(KUTCH) GUJARAT,370201",,9879565342,http://www.westwindindia.com,NA
416,WORLD CARGO LOGISTICS,NA,"4-5,KAMALA RESIDENCY , NEAR TAJ HARI HOTEL,RESIDENCY ROAD,JODHPUR , RAJASTHAN,342001",,9699758888,,NA
417,WORLDWIND SHIPPING SERVICES,NA,"205, AMBICA ARCADE,,PLOT NO 300, WARD 12/B,,ABOVE KARUR VYSYA BANK LTD,GANDHIDHAM,370201",,9925737544,http://www.worldwind.in,NA
418,YASH SHIPPING SERVICES,NA,"209-211,TRADE CENTRE,PLOT NO. 46,SECTOR 8 GANDHIDHAM,370201",,8141755055,,NA
419,YASHVI SHIPPING,NA,"SURYA HEIGHTS, 211, DC-2,B/H HOTEL EMPIRE,GANDHIDHAM-KUTCH,GUJARAT-370201,370201",,9099081246,,NA